image_path,label,week
Research Data Set each week\Week 1\Wheats\1.PNG,Wheats,Week 1
Research Data Set each week\Week 1\Wheats\10.PNG,Wheats,Week 1
Research Data Set each week\Week 1\Wheats\11.PNG,Wheats,Week 1
Research Data Set each week\Week 1\Wheats\12.PNG,Wheats,Week 1
Research Data Set each week\Week 1\Wheats\2.PNG,Wheats,Week 1
Research Data Set each week\Week 1\Wheats\3.PNG,Wheats,Week 1
Research Data Set each week\Week 1\Wheats\4.PNG,Wheats,Week 1
Research Data Set each week\Week 1\Wheats\5.PNG,Wheats,Week 1
Research Data Set each week\Week 1\Wheats\6.PNG,Wheats,Week 1
Research Data Set each week\Week 1\Wheats\7.PNG,Wheats,Week 1
Research Data Set each week\Week 1\Wheats\8.PNG,Wheats,Week 1
Research Data Set each week\Week 1\Wheats\9.PNG,Wheats,Week 1
Research Data Set each week\Week 1\Wheats\IMG_20241102_091931.jpg,Wheats,Week 1
Research Data Set each week\Week 1\Wheats\IMG_20241102_091940.jpg,Wheats,Week 1
Research Data Set each week\Week 1\Wheats\IMG_20241102_091942.jpg,Wheats,Week 1
Research Data Set each week\Week 1\Wheats\IMG_20241102_092005.jpg,Wheats,Week 1
Research Data Set each week\Week 1\Wheats\IMG_20241102_092007.jpg,Wheats,Week 1
Research Data Set each week\Week 1\Wheats\IMG_20241102_092014.jpg,Wheats,Week 1
Research Data Set each week\Week 1\Wheats\IMG_20241102_092019.jpg,Wheats,Week 1
Research Data Set each week\Week 1\Wheats\IMG_20241102_092042.jpg,Wheats,Week 1
Research Data Set each week\Week 1\Wheats\IMG_20241102_092048.jpg,Wheats,Week 1
Research Data Set each week\Week 1\Wheats\IMG_20241102_092205.jpg,Wheats,Week 1
Research Data Set each week\Week 1\Wheats\IMG_20241102_092209.jpg,Wheats,Week 1
Research Data Set each week\Week 1\Wheats\IMG_20241102_092251.jpg,Wheats,Week 1
Research Data Set each week\Week 1\Wheats\IMG_20241102_092751.jpg,Wheats,Week 1
Research Data Set each week\Week 1\Wheats\IMG_20241102_092754.jpg,Wheats,Week 1
Research Data Set each week\Week 1\Wheats\IMG_20241102_092757.jpg,Wheats,Week 1
Research Data Set each week\Week 1\Wheats\IMG_20241102_092813.jpg,Wheats,Week 1
Research Data Set each week\Week 1\Wheats\IMG_20241102_092836.jpg,Wheats,Week 1
Research Data Set each week\Week 1\Wheats\IMG_20241102_092839.jpg,Wheats,Week 1
Research Data Set each week\Week 1\Wheats\IMG_20241102_092938.jpg,Wheats,Week 1
Research Data Set each week\Week 1\Wheats\IMG_20241102_092958.jpg,Wheats,Week 1
Research Data Set each week\Week 1\Wheats\IMG_20241102_093002.jpg,Wheats,Week 1
Research Data Set each week\Week 1\Wheats\IMG_20241102_093023.jpg,Wheats,Week 1
Research Data Set each week\Week 1\Wheats\IMG_20241102_093032.jpg,Wheats,Week 1
Research Data Set each week\Week 1\Wheats\IMG_20241102_093037.jpg,Wheats,Week 1
Research Data Set each week\Week 1\Wheats\IMG_20241102_093041.jpg,Wheats,Week 1
Research Data Set each week\Week 1\Wheats\IMG_20241102_093159.jpg,Wheats,Week 1
Research Data Set each week\Week 1\Wheats\IMG_20241102_093201.jpg,Wheats,Week 1
Research Data Set each week\Week 1\Wheats\IMG_20241102_093206.jpg,Wheats,Week 1
Research Data Set each week\Week 1\Wheats\IMG_20241102_093209.jpg,Wheats,Week 1
Research Data Set each week\Week 1\Wheats\IMG_20241102_093213.jpg,Wheats,Week 1
Research Data Set each week\Week 1\Wheats\IMG_20241102_093228.jpg,Wheats,Week 1
Research Data Set each week\Week 1\Wheats\IMG_20241102_093231.jpg,Wheats,Week 1
Research Data Set each week\Week 1\Wheats\IMG_20241102_093255.jpg,Wheats,Week 1
Research Data Set each week\Week 1\Wheats\IMG_20241102_093300.jpg,Wheats,Week 1
Research Data Set each week\Week 1\Wheats\IMG_20241102_094209.jpg,Wheats,Week 1
Research Data Set each week\Week 1\Wheats\IMG_20241102_094212.jpg,Wheats,Week 1
Research Data Set each week\Week 1\Wheats\IMG_20241102_094241.jpg,Wheats,Week 1
Research Data Set each week\Week 1\Wheats\IMG_20241102_094246.jpg,Wheats,Week 1
Research Data Set each week\Week 1\Wheats\IMG_20241102_094248.jpg,Wheats,Week 1
Research Data Set each week\Week 1\Wheats\IMG_20241102_094429.jpg,Wheats,Week 1
Research Data Set each week\Week 1\Wheats\IMG_20241102_094434.jpg,Wheats,Week 1
Research Data Set each week\Week 1\Wheats\IMG_20241102_094440.jpg,Wheats,Week 1
Research Data Set each week\Week 1\Wheats\IMG_20241102_094504.jpg,Wheats,Week 1
Research Data Set each week\Week 1\Wheats\IMG_20241102_094509.jpg,Wheats,Week 1
Research Data Set each week\Week 1\Wheats\IMG_20241102_094608.jpg,Wheats,Week 1
Research Data Set each week\Week 1\Wheats\IMG_20241102_094612.jpg,Wheats,Week 1
Research Data Set each week\Week 1\Wheats\IMG_20241102_094616.jpg,Wheats,Week 1
Research Data Set each week\Week 1\Wheats\IMG_20241102_094626.jpg,Wheats,Week 1
Research Data Set each week\Week 1\Wheats\IMG_20241102_094628.jpg,Wheats,Week 1
Research Data Set each week\Week 1\Wheats\IMG_20241102_094639.jpg,Wheats,Week 1
Research Data Set each week\Week 1\Wheats\IMG_20241102_094643.jpg,Wheats,Week 1
Research Data Set each week\Week 1\Wheats\IMG_20241102_094646.jpg,Wheats,Week 1
Research Data Set each week\Week 1\Wheats\IMG_20241102_095316.jpg,Wheats,Week 1
Research Data Set each week\Week 1\Wheats\IMG_20241102_095342.jpg,Wheats,Week 1
Research Data Set each week\Week 1\Wheats\IMG_20241102_095345.jpg,Wheats,Week 1
Research Data Set each week\Week 1\Weeds\IMG_20241102_091927.jpg,Weeds,Week 1
Research Data Set each week\Week 1\Weeds\IMG_20241102_091958.jpg,Weeds,Week 1
Research Data Set each week\Week 1\Weeds\IMG_20241102_092002.jpg,Weeds,Week 1
Research Data Set each week\Week 1\Weeds\IMG_20241102_092104.jpg,Weeds,Week 1
Research Data Set each week\Week 1\Weeds\IMG_20241102_092112.jpg,Weeds,Week 1
Research Data Set each week\Week 1\Weeds\IMG_20241102_092126.jpg,Weeds,Week 1
Research Data Set each week\Week 1\Weeds\IMG_20241102_092131.jpg,Weeds,Week 1
Research Data Set each week\Week 1\Weeds\IMG_20241102_092303.jpg,Weeds,Week 1
Research Data Set each week\Week 1\Weeds\IMG_20241102_092309.jpg,Weeds,Week 1
Research Data Set each week\Week 1\Weeds\IMG_20241102_092322.jpg,Weeds,Week 1
Research Data Set each week\Week 1\Weeds\IMG_20241102_092326.jpg,Weeds,Week 1
Research Data Set each week\Week 1\Weeds\IMG_20241102_092342.jpg,Weeds,Week 1
Research Data Set each week\Week 1\Weeds\IMG_20241102_092807.jpg,Weeds,Week 1
Research Data Set each week\Week 1\Weeds\IMG_20241102_092826.jpg,Weeds,Week 1
Research Data Set each week\Week 1\Weeds\IMG_20241102_092830.jpg,Weeds,Week 1
Research Data Set each week\Week 1\Weeds\IMG_20241102_092850.jpg,Weeds,Week 1
Research Data Set each week\Week 1\Weeds\IMG_20241102_092902.jpg,Weeds,Week 1
Research Data Set each week\Week 1\Weeds\IMG_20241102_092909.jpg,Weeds,Week 1
Research Data Set each week\Week 1\Weeds\IMG_20241102_092921.jpg,Weeds,Week 1
Research Data Set each week\Week 1\Weeds\IMG_20241102_092926.jpg,Weeds,Week 1
Research Data Set each week\Week 1\Weeds\IMG_20241102_092932.jpg,Weeds,Week 1
Research Data Set each week\Week 1\Weeds\IMG_20241102_093009.jpg,Weeds,Week 1
Research Data Set each week\Week 1\Weeds\IMG_20241102_093013.jpg,Weeds,Week 1
Research Data Set each week\Week 1\Weeds\IMG_20241102_093018.jpg,Weeds,Week 1
Research Data Set each week\Week 1\Weeds\IMG_20241102_093051.jpg,Weeds,Week 1
Research Data Set each week\Week 1\Weeds\IMG_20241102_093056.jpg,Weeds,Week 1
Research Data Set each week\Week 1\Weeds\IMG_20241102_093059.jpg,Weeds,Week 1
Research Data Set each week\Week 1\Weeds\IMG_20241102_093116.jpg,Weeds,Week 1
Research Data Set each week\Week 1\Weeds\IMG_20241102_093126.jpg,Weeds,Week 1
Research Data Set each week\Week 1\Weeds\IMG_20241102_093132.jpg,Weeds,Week 1
Research Data Set each week\Week 1\Weeds\IMG_20241102_093154.jpg,Weeds,Week 1
Research Data Set each week\Week 1\Weeds\IMG_20241102_093239.jpg,Weeds,Week 1
Research Data Set each week\Week 1\Weeds\IMG_20241102_093243.jpg,Weeds,Week 1
Research Data Set each week\Week 1\Weeds\IMG_20241102_093247.jpg,Weeds,Week 1
Research Data Set each week\Week 1\Weeds\IMG_20241102_093410.jpg,Weeds,Week 1
Research Data Set each week\Week 1\Weeds\IMG_20241102_093412.jpg,Weeds,Week 1
Research Data Set each week\Week 1\Weeds\IMG_20241102_093422.jpg,Weeds,Week 1
Research Data Set each week\Week 1\Weeds\IMG_20241102_093536.jpg,Weeds,Week 1
Research Data Set each week\Week 1\Weeds\IMG_20241102_093542.jpg,Weeds,Week 1
Research Data Set each week\Week 1\Weeds\IMG_20241102_093546.jpg,Weeds,Week 1
Research Data Set each week\Week 1\Weeds\IMG_20241102_093548.jpg,Weeds,Week 1
Research Data Set each week\Week 1\Weeds\IMG_20241102_093600.jpg,Weeds,Week 1
Research Data Set each week\Week 1\Weeds\IMG_20241102_093605.jpg,Weeds,Week 1
Research Data Set each week\Week 1\Weeds\IMG_20241102_093612.jpg,Weeds,Week 1
Research Data Set each week\Week 1\Weeds\IMG_20241102_093919.jpg,Weeds,Week 1
Research Data Set each week\Week 1\Weeds\IMG_20241102_093928.jpg,Weeds,Week 1
Research Data Set each week\Week 1\Weeds\IMG_20241102_093938.jpg,Weeds,Week 1
Research Data Set each week\Week 1\Weeds\IMG_20241102_094206.jpg,Weeds,Week 1
Research Data Set each week\Week 1\Weeds\IMG_20241102_094220.jpg,Weeds,Week 1
Research Data Set each week\Week 1\Weeds\IMG_20241102_094233.jpg,Weeds,Week 1
Research Data Set each week\Week 1\Weeds\IMG_20241102_094300.jpg,Weeds,Week 1
Research Data Set each week\Week 1\Weeds\IMG_20241102_094318.jpg,Weeds,Week 1
Research Data Set each week\Week 1\Weeds\IMG_20241102_094327.jpg,Weeds,Week 1
Research Data Set each week\Week 1\Weeds\IMG_20241102_094330.jpg,Weeds,Week 1
Research Data Set each week\Week 1\Weeds\IMG_20241102_094343.jpg,Weeds,Week 1
Research Data Set each week\Week 1\Weeds\IMG_20241102_094515.jpg,Weeds,Week 1
Research Data Set each week\Week 1\Weeds\IMG_20241102_094519.jpg,Weeds,Week 1
Research Data Set each week\Week 1\Weeds\IMG_20241102_094633.jpg,Weeds,Week 1
Research Data Set each week\Week 1\Weeds\IMG_20241102_094834.jpg,Weeds,Week 1
Research Data Set each week\Week 1\Weeds\IMG_20241102_095127.jpg,Weeds,Week 1
Research Data Set each week\Week 1\Weeds\IMG_20241102_095136.jpg,Weeds,Week 1
Research Data Set each week\Week 1\Weeds\IMG_20241102_095141.jpg,Weeds,Week 1
Research Data Set each week\Week 1\Weeds\IMG_20241102_095148.jpg,Weeds,Week 1
Research Data Set each week\Week 1\Weeds\IMG_20241102_095155.jpg,Weeds,Week 1
Research Data Set each week\Week 1\Weeds\IMG_20241102_095319.jpg,Weeds,Week 1
Research Data Set each week\Week 1\Weeds\IMG_20241102_095328.jpg,Weeds,Week 1
Research Data Set each week\Week 1\Weeds\IMG_20241102_095337.jpg,Weeds,Week 1
Research Data Set each week\Week 2\Wheats\IMG_20241109_095606.jpg,Wheats,Week 2
Research Data Set each week\Week 2\Wheats\IMG_20241109_095618.jpg,Wheats,Week 2
Research Data Set each week\Week 2\Wheats\IMG_20241109_095628.jpg,Wheats,Week 2
Research Data Set each week\Week 2\Wheats\IMG_20241109_095631.jpg,Wheats,Week 2
Research Data Set each week\Week 2\Wheats\IMG_20241109_095638.jpg,Wheats,Week 2
Research Data Set each week\Week 2\Wheats\IMG_20241109_095710.jpg,Wheats,Week 2
Research Data Set each week\Week 2\Wheats\IMG_20241109_095726.jpg,Wheats,Week 2
Research Data Set each week\Week 2\Wheats\IMG_20241109_095730.jpg,Wheats,Week 2
Research Data Set each week\Week 2\Wheats\IMG_20241109_095818.jpg,Wheats,Week 2
Research Data Set each week\Week 2\Wheats\IMG_20241109_095852.jpg,Wheats,Week 2
Research Data Set each week\Week 2\Wheats\IMG_20241109_095855.jpg,Wheats,Week 2
Research Data Set each week\Week 2\Wheats\IMG_20241109_095857.jpg,Wheats,Week 2
Research Data Set each week\Week 2\Wheats\IMG_20241109_095859.jpg,Wheats,Week 2
Research Data Set each week\Week 2\Wheats\IMG_20241109_095915.jpg,Wheats,Week 2
Research Data Set each week\Week 2\Wheats\IMG_20241109_095920.jpg,Wheats,Week 2
Research Data Set each week\Week 2\Wheats\IMG_20241109_095924.jpg,Wheats,Week 2
Research Data Set each week\Week 2\Wheats\IMG_20241109_095935.jpg,Wheats,Week 2
Research Data Set each week\Week 2\Wheats\IMG_20241109_095938.jpg,Wheats,Week 2
Research Data Set each week\Week 2\Wheats\IMG_20241109_095943.jpg,Wheats,Week 2
Research Data Set each week\Week 2\Wheats\IMG_20241109_095952.jpg,Wheats,Week 2
Research Data Set each week\Week 2\Wheats\IMG_20241109_100003.jpg,Wheats,Week 2
Research Data Set each week\Week 2\Wheats\IMG_20241109_100007.jpg,Wheats,Week 2
Research Data Set each week\Week 2\Wheats\IMG_20241109_100010.jpg,Wheats,Week 2
Research Data Set each week\Week 2\Wheats\IMG_20241109_100014.jpg,Wheats,Week 2
Research Data Set each week\Week 2\Wheats\IMG_20241109_100034.jpg,Wheats,Week 2
Research Data Set each week\Week 2\Wheats\IMG_20241109_100056.jpg,Wheats,Week 2
Research Data Set each week\Week 2\Wheats\IMG_20241109_100058.jpg,Wheats,Week 2
Research Data Set each week\Week 2\Wheats\IMG_20241109_100101.jpg,Wheats,Week 2
Research Data Set each week\Week 2\Wheats\IMG_20241109_100103.jpg,Wheats,Week 2
Research Data Set each week\Week 2\Wheats\IMG_20241109_100105.jpg,Wheats,Week 2
Research Data Set each week\Week 2\Wheats\IMG_20241109_100128.jpg,Wheats,Week 2
Research Data Set each week\Week 2\Wheats\IMG_20241109_100130.jpg,Wheats,Week 2
Research Data Set each week\Week 2\Wheats\IMG_20241109_100141.jpg,Wheats,Week 2
Research Data Set each week\Week 2\Wheats\IMG_20241109_100145.jpg,Wheats,Week 2
Research Data Set each week\Week 2\Wheats\IMG_20241109_100147.jpg,Wheats,Week 2
Research Data Set each week\Week 2\Wheats\IMG_20241109_100150.jpg,Wheats,Week 2
Research Data Set each week\Week 2\Wheats\IMG_20241109_100153.jpg,Wheats,Week 2
Research Data Set each week\Week 2\Wheats\IMG_20241109_100201.jpg,Wheats,Week 2
Research Data Set each week\Week 2\Wheats\IMG_20241109_100227.jpg,Wheats,Week 2
Research Data Set each week\Week 2\Wheats\IMG_20241109_100245.jpg,Wheats,Week 2
Research Data Set each week\Week 2\Wheats\IMG_20241109_100249.jpg,Wheats,Week 2
Research Data Set each week\Week 2\Wheats\IMG_20241109_100252.jpg,Wheats,Week 2
Research Data Set each week\Week 2\Wheats\IMG_20241109_100254.jpg,Wheats,Week 2
Research Data Set each week\Week 2\Wheats\IMG_20241109_100345.jpg,Wheats,Week 2
Research Data Set each week\Week 2\Wheats\IMG_20241109_100348.jpg,Wheats,Week 2
Research Data Set each week\Week 2\Wheats\IMG_20241109_100351.jpg,Wheats,Week 2
Research Data Set each week\Week 2\Wheats\IMG_20241109_100401.jpg,Wheats,Week 2
Research Data Set each week\Week 2\Wheats\IMG_20241109_100406.jpg,Wheats,Week 2
Research Data Set each week\Week 2\Wheats\IMG_20241109_100410.jpg,Wheats,Week 2
Research Data Set each week\Week 2\Wheats\IMG_20241109_100518.jpg,Wheats,Week 2
Research Data Set each week\Week 2\Wheats\IMG_20241109_100521.jpg,Wheats,Week 2
Research Data Set each week\Week 2\Wheats\IMG_20241109_100525.jpg,Wheats,Week 2
Research Data Set each week\Week 2\Wheats\IMG_20241109_100534.jpg,Wheats,Week 2
Research Data Set each week\Week 2\Wheats\IMG_20241109_100538.jpg,Wheats,Week 2
Research Data Set each week\Week 2\Wheats\IMG_20241109_100542.jpg,Wheats,Week 2
Research Data Set each week\Week 2\Wheats\IMG_20241109_100638.jpg,Wheats,Week 2
Research Data Set each week\Week 2\Wheats\IMG_20241109_100712.jpg,Wheats,Week 2
Research Data Set each week\Week 2\Wheats\IMG_20241109_100714.jpg,Wheats,Week 2
Research Data Set each week\Week 2\Wheats\IMG_20241109_100808.jpg,Wheats,Week 2
Research Data Set each week\Week 2\Wheats\IMG_20241109_100810.jpg,Wheats,Week 2
Research Data Set each week\Week 2\Wheats\IMG_20241109_100817.jpg,Wheats,Week 2
Research Data Set each week\Week 2\Wheats\IMG_20241109_100823.jpg,Wheats,Week 2
Research Data Set each week\Week 2\Wheats\IMG_20241109_100833.jpg,Wheats,Week 2
Research Data Set each week\Week 2\Wheats\IMG_20241109_100838.jpg,Wheats,Week 2
Research Data Set each week\Week 2\Wheats\IMG_20241109_100908.jpg,Wheats,Week 2
Research Data Set each week\Week 2\Wheats\IMG_20241109_100936.jpg,Wheats,Week 2
Research Data Set each week\Week 2\Wheats\IMG_20241109_100942.jpg,Wheats,Week 2
Research Data Set each week\Week 2\Wheats\IMG_20241109_100948.jpg,Wheats,Week 2
Research Data Set each week\Week 2\Wheats\IMG_20241109_100951.jpg,Wheats,Week 2
Research Data Set each week\Week 2\Wheats\IMG_20241109_101005.jpg,Wheats,Week 2
Research Data Set each week\Week 2\Wheats\IMG_20241109_101007.jpg,Wheats,Week 2
Research Data Set each week\Week 2\Wheats\IMG_20241109_101010.jpg,Wheats,Week 2
Research Data Set each week\Week 2\Wheats\IMG_20241109_101358.jpg,Wheats,Week 2
Research Data Set each week\Week 2\Wheats\IMG_20241109_101402.jpg,Wheats,Week 2
Research Data Set each week\Week 2\Wheats\IMG_20241109_101406.jpg,Wheats,Week 2
Research Data Set each week\Week 2\Wheats\IMG_20241109_101408.jpg,Wheats,Week 2
Research Data Set each week\Week 2\Wheats\IMG_20241109_101414.jpg,Wheats,Week 2
Research Data Set each week\Week 2\Wheats\IMG_20241109_101452.jpg,Wheats,Week 2
Research Data Set each week\Week 2\Wheats\IMG_20241109_101459.jpg,Wheats,Week 2
Research Data Set each week\Week 2\Wheats\IMG_20241109_101508.jpg,Wheats,Week 2
Research Data Set each week\Week 2\Wheats\IMG_20241109_101510.jpg,Wheats,Week 2
Research Data Set each week\Week 2\Wheats\IMG_20241109_101513.jpg,Wheats,Week 2
Research Data Set each week\Week 2\Wheats\IMG_20241109_101601.jpg,Wheats,Week 2
Research Data Set each week\Week 2\Wheats\IMG_20241109_101604.jpg,Wheats,Week 2
Research Data Set each week\Week 2\Wheats\IMG_20241109_101608.jpg,Wheats,Week 2
Research Data Set each week\Week 2\Wheats\IMG_20241109_101706.jpg,Wheats,Week 2
Research Data Set each week\Week 2\Wheats\IMG_20241109_101709.jpg,Wheats,Week 2
Research Data Set each week\Week 2\Wheats\IMG_20241109_101735.jpg,Wheats,Week 2
Research Data Set each week\Week 2\Wheats\IMG_20241109_101738.jpg,Wheats,Week 2
Research Data Set each week\Week 2\Wheats\IMG_20241109_101740.jpg,Wheats,Week 2
Research Data Set each week\Week 2\Wheats\IMG_20241109_101747.jpg,Wheats,Week 2
Research Data Set each week\Week 2\Wheats\IMG_20241109_101749.jpg,Wheats,Week 2
Research Data Set each week\Week 2\Weeds\.trashed-1734323923-IMG_20241116_093837.jpg,Weeds,Week 2
Research Data Set each week\Week 2\Weeds\IMG_20241109_095602.jpg,Weeds,Week 2
Research Data Set each week\Week 2\Weeds\IMG_20241109_095608.jpg,Weeds,Week 2
Research Data Set each week\Week 2\Weeds\IMG_20241109_095614.jpg,Weeds,Week 2
Research Data Set each week\Week 2\Weeds\IMG_20241109_095616.jpg,Weeds,Week 2
Research Data Set each week\Week 2\Weeds\IMG_20241109_095625.jpg,Weeds,Week 2
Research Data Set each week\Week 2\Weeds\IMG_20241109_095642.jpg,Weeds,Week 2
Research Data Set each week\Week 2\Weeds\IMG_20241109_095656.jpg,Weeds,Week 2
Research Data Set each week\Week 2\Weeds\IMG_20241109_095708.jpg,Weeds,Week 2
Research Data Set each week\Week 2\Weeds\IMG_20241109_095726.jpg,Weeds,Week 2
Research Data Set each week\Week 2\Weeds\IMG_20241109_095730.jpg,Weeds,Week 2
Research Data Set each week\Week 2\Weeds\IMG_20241109_095736.jpg,Weeds,Week 2
Research Data Set each week\Week 2\Weeds\IMG_20241109_095739.jpg,Weeds,Week 2
Research Data Set each week\Week 2\Weeds\IMG_20241109_095801.jpg,Weeds,Week 2
Research Data Set each week\Week 2\Weeds\IMG_20241109_095807.jpg,Weeds,Week 2
Research Data Set each week\Week 2\Weeds\IMG_20241109_095815.jpg,Weeds,Week 2
Research Data Set each week\Week 2\Weeds\IMG_20241109_095918.jpg,Weeds,Week 2
Research Data Set each week\Week 2\Weeds\IMG_20241109_095931.jpg,Weeds,Week 2
Research Data Set each week\Week 2\Weeds\IMG_20241109_095948.jpg,Weeds,Week 2
Research Data Set each week\Week 2\Weeds\IMG_20241109_100232.jpg,Weeds,Week 2
Research Data Set each week\Week 2\Weeds\IMG_20241109_100235.jpg,Weeds,Week 2
Research Data Set each week\Week 2\Weeds\IMG_20241109_100238.jpg,Weeds,Week 2
Research Data Set each week\Week 2\Weeds\IMG_20241109_100240.jpg,Weeds,Week 2
Research Data Set each week\Week 2\Weeds\IMG_20241109_100242.jpg,Weeds,Week 2
Research Data Set each week\Week 2\Weeds\IMG_20241109_100355.jpg,Weeds,Week 2
Research Data Set each week\Week 2\Weeds\IMG_20241109_100419.jpg,Weeds,Week 2
Research Data Set each week\Week 2\Weeds\IMG_20241109_100429.jpg,Weeds,Week 2
Research Data Set each week\Week 2\Weeds\IMG_20241109_100442.jpg,Weeds,Week 2
Research Data Set each week\Week 2\Weeds\IMG_20241109_100449.jpg,Weeds,Week 2
Research Data Set each week\Week 2\Weeds\IMG_20241109_100510.jpg,Weeds,Week 2
Research Data Set each week\Week 2\Weeds\IMG_20241109_100512.jpg,Weeds,Week 2
Research Data Set each week\Week 2\Weeds\IMG_20241109_100846.jpg,Weeds,Week 2
Research Data Set each week\Week 2\Weeds\IMG_20241109_100900.jpg,Weeds,Week 2
Research Data Set each week\Week 2\Weeds\IMG_20241109_100957.jpg,Weeds,Week 2
Research Data Set each week\Week 2\Weeds\IMG_20241109_101001.jpg,Weeds,Week 2
Research Data Set each week\Week 2\Weeds\IMG_20241109_101112.jpg,Weeds,Week 2
Research Data Set each week\Week 2\Weeds\IMG_20241109_101133.jpg,Weeds,Week 2
Research Data Set each week\Week 2\Weeds\IMG_20241109_101138.jpg,Weeds,Week 2
Research Data Set each week\Week 2\Weeds\IMG_20241109_101233.jpg,Weeds,Week 2
Research Data Set each week\Week 2\Weeds\IMG_20241109_101237.jpg,Weeds,Week 2
Research Data Set each week\Week 2\Weeds\IMG_20241109_101242.jpg,Weeds,Week 2
Research Data Set each week\Week 2\Weeds\IMG_20241109_101245.jpg,Weeds,Week 2
Research Data Set each week\Week 2\Weeds\IMG_20241109_101301.jpg,Weeds,Week 2
Research Data Set each week\Week 2\Weeds\IMG_20241109_101304.jpg,Weeds,Week 2
Research Data Set each week\Week 2\Weeds\IMG_20241109_101308.jpg,Weeds,Week 2
Research Data Set each week\Week 2\Weeds\IMG_20241109_101311.jpg,Weeds,Week 2
Research Data Set each week\Week 2\Weeds\IMG_20241109_101314.jpg,Weeds,Week 2
Research Data Set each week\Week 2\Weeds\IMG_20241109_101320.jpg,Weeds,Week 2
Research Data Set each week\Week 2\Weeds\IMG_20241109_101329.jpg,Weeds,Week 2
Research Data Set each week\Week 2\Weeds\IMG_20241109_101334.jpg,Weeds,Week 2
Research Data Set each week\Week 2\Weeds\IMG_20241109_101342.jpg,Weeds,Week 2
Research Data Set each week\Week 2\Weeds\IMG_20241109_101344.jpg,Weeds,Week 2
Research Data Set each week\Week 2\Weeds\IMG_20241109_101355.jpg,Weeds,Week 2
Research Data Set each week\Week 2\Weeds\IMG_20241109_101431.jpg,Weeds,Week 2
Research Data Set each week\Week 2\Weeds\IMG_20241109_101440.jpg,Weeds,Week 2
Research Data Set each week\Week 2\Weeds\IMG_20241109_101445.jpg,Weeds,Week 2
Research Data Set each week\Week 2\Weeds\IMG_20241109_101610.jpg,Weeds,Week 2
Research Data Set each week\Week 2\Weeds\IMG_20241109_101616.jpg,Weeds,Week 2
Research Data Set each week\Week 2\Weeds\IMG_20241109_101619.jpg,Weeds,Week 2
Research Data Set each week\Week 2\Weeds\IMG_20241109_101624.jpg,Weeds,Week 2
Research Data Set each week\Week 2\Weeds\IMG_20241109_101646.jpg,Weeds,Week 2
Research Data Set each week\Week 2\Weeds\IMG_20241109_101655.jpg,Weeds,Week 2
Research Data Set each week\Week 2\Weeds\IMG_20241109_101702.jpg,Weeds,Week 2
Research Data Set each week\Week 2\Weeds\IMG_20241109_101716.jpg,Weeds,Week 2
Research Data Set each week\Week 2\Weeds\IMG_20241109_101718.jpg,Weeds,Week 2
Research Data Set each week\Week 2\Weeds\IMG_20241116_094118.jpg,Weeds,Week 2
Research Data Set each week\Week 2\Weeds\IMG_20241116_094143.jpg,Weeds,Week 2
Research Data Set each week\Week 2\Weeds\IMG_20241116_094239.jpg,Weeds,Week 2
Research Data Set each week\Week 2\Weeds\IMG_20241116_094258.jpg,Weeds,Week 2
Research Data Set each week\Week 2\Weeds\IMG_20241116_094417.jpg,Weeds,Week 2
Research Data Set each week\Week 2\Weeds\IMG_20241116_094456.jpg,Weeds,Week 2
Research Data Set each week\Week 2\Weeds\IMG_20241116_095016.jpg,Weeds,Week 2
Research Data Set each week\Week 2\Weeds\IMG_20241116_095056.jpg,Weeds,Week 2
Research Data Set each week\Week 2\Weeds\IMG_20241116_095213.jpg,Weeds,Week 2
Research Data Set each week\Week 2\Weeds\IMG_20241116_095222.jpg,Weeds,Week 2
Research Data Set each week\Week 2\Weeds\IMG_20241116_095249.jpg,Weeds,Week 2
Research Data Set each week\Week 2\Weeds\IMG_20241116_095301.jpg,Weeds,Week 2
Research Data Set each week\Week 2\Weeds\IMG_20241116_095307.jpg,Weeds,Week 2
Research Data Set each week\Week 2\Weeds\IMG_20241116_095713.jpg,Weeds,Week 2
Research Data Set each week\Week 2\Weeds\IMG_20241116_095721.jpg,Weeds,Week 2
Research Data Set each week\Week 2\Weeds\IMG_20241116_095835.jpg,Weeds,Week 2
Research Data Set each week\Week 2\Weeds\IMG_20241116_095845.jpg,Weeds,Week 2
Research Data Set each week\Week 2\Weeds\IMG_20241116_100618.jpg,Weeds,Week 2
Research Data Set each week\Week 2\Weeds\IMG_20241116_100620.jpg,Weeds,Week 2
Research Data Set each week\Week 2\Weeds\IMG_20241116_100640.jpg,Weeds,Week 2
Research Data Set each week\Week 2\Weeds\IMG_20241116_100940.jpg,Weeds,Week 2
Research Data Set each week\Week 2\Weeds\IMG_20241116_100956.jpg,Weeds,Week 2
Research Data Set each week\Week 2\Weeds\IMG_20241116_101009.jpg,Weeds,Week 2
Research Data Set each week\Week 2\Weeds\IMG_20241116_101134.jpg,Weeds,Week 2
Research Data Set each week\Week 2\Weeds\IMG_20241116_101346.jpg,Weeds,Week 2
Research Data Set each week\Week 2\Weeds\IMG_20241116_101701.jpg,Weeds,Week 2
Research Data Set each week\Week 2\Weeds\IMG_20241116_101705.jpg,Weeds,Week 2
Research Data Set each week\Week 3\Wheats\.trashed-1734323930-IMG_20241116_093834.jpg,Wheats,Week 3
Research Data Set each week\Week 3\Wheats\IMG_20241116_093825.jpg,Wheats,Week 3
Research Data Set each week\Week 3\Wheats\IMG_20241116_093829.jpg,Wheats,Week 3
Research Data Set each week\Week 3\Wheats\IMG_20241116_093937.jpg,Wheats,Week 3
Research Data Set each week\Week 3\Wheats\IMG_20241116_093943.jpg,Wheats,Week 3
Research Data Set each week\Week 3\Wheats\IMG_20241116_094047.jpg,Wheats,Week 3
Research Data Set each week\Week 3\Wheats\IMG_20241116_094103.jpg,Wheats,Week 3
Research Data Set each week\Week 3\Wheats\IMG_20241116_094121.jpg,Wheats,Week 3
Research Data Set each week\Week 3\Wheats\IMG_20241116_094138.jpg,Wheats,Week 3
Research Data Set each week\Week 3\Wheats\IMG_20241116_094208.jpg,Wheats,Week 3
Research Data Set each week\Week 3\Wheats\IMG_20241116_094225.jpg,Wheats,Week 3
Research Data Set each week\Week 3\Wheats\IMG_20241116_094228.jpg,Wheats,Week 3
Research Data Set each week\Week 3\Wheats\IMG_20241116_094306.jpg,Wheats,Week 3
Research Data Set each week\Week 3\Wheats\IMG_20241116_094310.jpg,Wheats,Week 3
Research Data Set each week\Week 3\Wheats\IMG_20241116_094320.jpg,Wheats,Week 3
Research Data Set each week\Week 3\Wheats\IMG_20241116_094323.jpg,Wheats,Week 3
Research Data Set each week\Week 3\Wheats\IMG_20241116_094339.jpg,Wheats,Week 3
Research Data Set each week\Week 3\Wheats\IMG_20241116_094342.jpg,Wheats,Week 3
Research Data Set each week\Week 3\Wheats\IMG_20241116_094423.jpg,Wheats,Week 3
Research Data Set each week\Week 3\Wheats\IMG_20241116_094444.jpg,Wheats,Week 3
Research Data Set each week\Week 3\Wheats\IMG_20241116_094452.jpg,Wheats,Week 3
Research Data Set each week\Week 3\Wheats\IMG_20241116_094527.jpg,Wheats,Week 3
Research Data Set each week\Week 3\Wheats\IMG_20241116_094700.jpg,Wheats,Week 3
Research Data Set each week\Week 3\Wheats\IMG_20241116_094707.jpg,Wheats,Week 3
Research Data Set each week\Week 3\Wheats\IMG_20241116_094808.jpg,Wheats,Week 3
Research Data Set each week\Week 3\Wheats\IMG_20241116_094818.jpg,Wheats,Week 3
Research Data Set each week\Week 3\Wheats\IMG_20241116_094927.jpg,Wheats,Week 3
Research Data Set each week\Week 3\Wheats\IMG_20241116_094944.jpg,Wheats,Week 3
Research Data Set each week\Week 3\Wheats\IMG_20241116_094950.jpg,Wheats,Week 3
Research Data Set each week\Week 3\Wheats\IMG_20241116_095020.jpg,Wheats,Week 3
Research Data Set each week\Week 3\Wheats\IMG_20241116_095025.jpg,Wheats,Week 3
Research Data Set each week\Week 3\Wheats\IMG_20241116_095027.jpg,Wheats,Week 3
Research Data Set each week\Week 3\Wheats\IMG_20241116_095033.jpg,Wheats,Week 3
Research Data Set each week\Week 3\Wheats\IMG_20241116_095227.jpg,Wheats,Week 3
Research Data Set each week\Week 3\Wheats\IMG_20241116_095314.jpg,Wheats,Week 3
Research Data Set each week\Week 3\Wheats\IMG_20241116_095332.jpg,Wheats,Week 3
Research Data Set each week\Week 3\Wheats\IMG_20241116_095341.jpg,Wheats,Week 3
Research Data Set each week\Week 3\Wheats\IMG_20241116_095347.jpg,Wheats,Week 3
Research Data Set each week\Week 3\Wheats\IMG_20241116_095358.jpg,Wheats,Week 3
Research Data Set each week\Week 3\Wheats\IMG_20241116_095409.jpg,Wheats,Week 3
Research Data Set each week\Week 3\Wheats\IMG_20241116_095416.jpg,Wheats,Week 3
Research Data Set each week\Week 3\Wheats\IMG_20241116_095432.jpg,Wheats,Week 3
Research Data Set each week\Week 3\Wheats\IMG_20241116_095434.jpg,Wheats,Week 3
Research Data Set each week\Week 3\Wheats\IMG_20241116_095437.jpg,Wheats,Week 3
Research Data Set each week\Week 3\Wheats\IMG_20241116_095442.jpg,Wheats,Week 3
Research Data Set each week\Week 3\Wheats\IMG_20241116_095447.jpg,Wheats,Week 3
Research Data Set each week\Week 3\Wheats\IMG_20241116_095450.jpg,Wheats,Week 3
Research Data Set each week\Week 3\Wheats\IMG_20241116_095511.jpg,Wheats,Week 3
Research Data Set each week\Week 3\Wheats\IMG_20241116_095515.jpg,Wheats,Week 3
Research Data Set each week\Week 3\Wheats\IMG_20241116_095521.jpg,Wheats,Week 3
Research Data Set each week\Week 3\Wheats\IMG_20241116_095525.jpg,Wheats,Week 3
Research Data Set each week\Week 3\Wheats\IMG_20241116_095531.jpg,Wheats,Week 3
Research Data Set each week\Week 3\Wheats\IMG_20241116_095537.jpg,Wheats,Week 3
Research Data Set each week\Week 3\Wheats\IMG_20241116_095554.jpg,Wheats,Week 3
Research Data Set each week\Week 3\Wheats\IMG_20241116_095607.jpg,Wheats,Week 3
Research Data Set each week\Week 3\Wheats\IMG_20241116_095610.jpg,Wheats,Week 3
Research Data Set each week\Week 3\Wheats\IMG_20241116_095614.jpg,Wheats,Week 3
Research Data Set each week\Week 3\Wheats\IMG_20241116_095619.jpg,Wheats,Week 3
Research Data Set each week\Week 3\Wheats\IMG_20241116_095623.jpg,Wheats,Week 3
Research Data Set each week\Week 3\Wheats\IMG_20241116_095628.jpg,Wheats,Week 3
Research Data Set each week\Week 3\Wheats\IMG_20241116_095631.jpg,Wheats,Week 3
Research Data Set each week\Week 3\Wheats\IMG_20241116_095633.jpg,Wheats,Week 3
Research Data Set each week\Week 3\Wheats\IMG_20241116_095639.jpg,Wheats,Week 3
Research Data Set each week\Week 3\Wheats\IMG_20241116_095642.jpg,Wheats,Week 3
Research Data Set each week\Week 3\Wheats\IMG_20241116_095644.jpg,Wheats,Week 3
Research Data Set each week\Week 3\Wheats\IMG_20241116_095646.jpg,Wheats,Week 3
Research Data Set each week\Week 3\Wheats\IMG_20241116_095717.jpg,Wheats,Week 3
Research Data Set each week\Week 3\Wheats\IMG_20241116_095733.jpg,Wheats,Week 3
Research Data Set each week\Week 3\Wheats\IMG_20241116_095740.jpg,Wheats,Week 3
Research Data Set each week\Week 3\Wheats\IMG_20241116_095905.jpg,Wheats,Week 3
Research Data Set each week\Week 3\Wheats\IMG_20241116_100546.jpg,Wheats,Week 3
Research Data Set each week\Week 3\Wheats\IMG_20241116_100551.jpg,Wheats,Week 3
Research Data Set each week\Week 3\Wheats\IMG_20241116_100553.jpg,Wheats,Week 3
Research Data Set each week\Week 3\Wheats\IMG_20241116_100946.jpg,Wheats,Week 3
Research Data Set each week\Week 3\Wheats\IMG_20241116_101001.jpg,Wheats,Week 3
Research Data Set each week\Week 3\Wheats\IMG_20241116_101003.jpg,Wheats,Week 3
Research Data Set each week\Week 3\Wheats\IMG_20241116_101007.jpg,Wheats,Week 3
Research Data Set each week\Week 3\Wheats\IMG_20241116_101020.jpg,Wheats,Week 3
Research Data Set each week\Week 3\Wheats\IMG_20241116_101058.jpg,Wheats,Week 3
Research Data Set each week\Week 3\Wheats\IMG_20241116_101100.jpg,Wheats,Week 3
Research Data Set each week\Week 3\Wheats\IMG_20241116_101102.jpg,Wheats,Week 3
Research Data Set each week\Week 3\Wheats\IMG_20241116_101103.jpg,Wheats,Week 3
Research Data Set each week\Week 3\Wheats\IMG_20241116_101105.jpg,Wheats,Week 3
Research Data Set each week\Week 3\Wheats\IMG_20241116_101107.jpg,Wheats,Week 3
Research Data Set each week\Week 3\Wheats\IMG_20241116_101110.jpg,Wheats,Week 3
Research Data Set each week\Week 3\Wheats\IMG_20241116_101112.jpg,Wheats,Week 3
Research Data Set each week\Week 3\Wheats\IMG_20241116_101114.jpg,Wheats,Week 3
Research Data Set each week\Week 3\Wheats\IMG_20241116_101116.jpg,Wheats,Week 3
Research Data Set each week\Week 3\Wheats\IMG_20241116_101136.jpg,Wheats,Week 3
Research Data Set each week\Week 3\Wheats\IMG_20241116_101152.jpg,Wheats,Week 3
Research Data Set each week\Week 3\Wheats\IMG_20241116_101154.jpg,Wheats,Week 3
Research Data Set each week\Week 3\Wheats\IMG_20241116_101200.jpg,Wheats,Week 3
Research Data Set each week\Week 3\Wheats\IMG_20241116_101202.jpg,Wheats,Week 3
Research Data Set each week\Week 3\Wheats\IMG_20241116_101206.jpg,Wheats,Week 3
Research Data Set each week\Week 3\Wheats\IMG_20241116_101208.jpg,Wheats,Week 3
Research Data Set each week\Week 3\Wheats\IMG_20241116_101211.jpg,Wheats,Week 3
Research Data Set each week\Week 3\Wheats\IMG_20241116_101213.jpg,Wheats,Week 3
Research Data Set each week\Week 3\Wheats\IMG_20241116_101215.jpg,Wheats,Week 3
Research Data Set each week\Week 3\Wheats\IMG_20241116_101255.jpg,Wheats,Week 3
Research Data Set each week\Week 3\Wheats\IMG_20241116_101259.jpg,Wheats,Week 3
Research Data Set each week\Week 3\Wheats\IMG_20241116_101306.jpg,Wheats,Week 3
Research Data Set each week\Week 3\Wheats\IMG_20241116_101308.jpg,Wheats,Week 3
Research Data Set each week\Week 3\Wheats\IMG_20241116_101311.jpg,Wheats,Week 3
Research Data Set each week\Week 3\Wheats\IMG_20241116_101316.jpg,Wheats,Week 3
Research Data Set each week\Week 3\Wheats\IMG_20241116_101322.jpg,Wheats,Week 3
Research Data Set each week\Week 3\Wheats\IMG_20241116_101324.jpg,Wheats,Week 3
Research Data Set each week\Week 3\Wheats\IMG_20241116_101327.jpg,Wheats,Week 3
Research Data Set each week\Week 3\Wheats\IMG_20241116_101330.jpg,Wheats,Week 3
Research Data Set each week\Week 3\Wheats\IMG_20241116_101332.jpg,Wheats,Week 3
Research Data Set each week\Week 3\Weeds\.trashed-1734323333-IMG_20241116_092837.jpg,Weeds,Week 3
Research Data Set each week\Week 3\Weeds\.trashed-1734323923-IMG_20241116_093837.jpg,Weeds,Week 3
Research Data Set each week\Week 3\Weeds\IMG_20241102_091927.jpg,Weeds,Week 3
Research Data Set each week\Week 3\Weeds\IMG_20241102_093059.jpg,Weeds,Week 3
Research Data Set each week\Week 3\Weeds\IMG_20241102_093410.jpg,Weeds,Week 3
Research Data Set each week\Week 3\Weeds\IMG_20241102_093612.jpg,Weeds,Week 3
Research Data Set each week\Week 3\Weeds\IMG_20241102_093928.jpg,Weeds,Week 3
Research Data Set each week\Week 3\Weeds\IMG_20241102_094206.jpg,Weeds,Week 3
Research Data Set each week\Week 3\Weeds\IMG_20241102_094318.jpg,Weeds,Week 3
Research Data Set each week\Week 3\Weeds\IMG_20241102_094519.jpg,Weeds,Week 3
Research Data Set each week\Week 3\Weeds\IMG_20241102_095136.jpg,Weeds,Week 3
Research Data Set each week\Week 3\Weeds\IMG_20241102_095148.jpg,Weeds,Week 3
Research Data Set each week\Week 3\Weeds\IMG_20241116_092901.jpg,Weeds,Week 3
Research Data Set each week\Week 3\Weeds\IMG_20241116_093810.jpg,Weeds,Week 3
Research Data Set each week\Week 3\Weeds\IMG_20241116_093821.jpg,Weeds,Week 3
Research Data Set each week\Week 3\Weeds\IMG_20241116_093919.jpg,Weeds,Week 3
Research Data Set each week\Week 3\Weeds\IMG_20241116_093924.jpg,Weeds,Week 3
Research Data Set each week\Week 3\Weeds\IMG_20241116_094051.jpg,Weeds,Week 3
Research Data Set each week\Week 3\Weeds\IMG_20241116_094057.jpg,Weeds,Week 3
Research Data Set each week\Week 3\Weeds\IMG_20241116_094100.jpg,Weeds,Week 3
Research Data Set each week\Week 3\Weeds\IMG_20241116_094118.jpg,Weeds,Week 3
Research Data Set each week\Week 3\Weeds\IMG_20241116_094143.jpg,Weeds,Week 3
Research Data Set each week\Week 3\Weeds\IMG_20241116_094146.jpg,Weeds,Week 3
Research Data Set each week\Week 3\Weeds\IMG_20241116_094149.jpg,Weeds,Week 3
Research Data Set each week\Week 3\Weeds\IMG_20241116_094152.jpg,Weeds,Week 3
Research Data Set each week\Week 3\Weeds\IMG_20241116_094156.jpg,Weeds,Week 3
Research Data Set each week\Week 3\Weeds\IMG_20241116_094206.jpg,Weeds,Week 3
Research Data Set each week\Week 3\Weeds\IMG_20241116_094236.jpg,Weeds,Week 3
Research Data Set each week\Week 3\Weeds\IMG_20241116_094239.jpg,Weeds,Week 3
Research Data Set each week\Week 3\Weeds\IMG_20241116_094258.jpg,Weeds,Week 3
Research Data Set each week\Week 3\Weeds\IMG_20241116_094302.jpg,Weeds,Week 3
Research Data Set each week\Week 3\Weeds\IMG_20241116_094405.jpg,Weeds,Week 3
Research Data Set each week\Week 3\Weeds\IMG_20241116_094411.jpg,Weeds,Week 3
Research Data Set each week\Week 3\Weeds\IMG_20241116_094417.jpg,Weeds,Week 3
Research Data Set each week\Week 3\Weeds\IMG_20241116_094456.jpg,Weeds,Week 3
Research Data Set each week\Week 3\Weeds\IMG_20241116_094502.jpg,Weeds,Week 3
Research Data Set each week\Week 3\Weeds\IMG_20241116_094505.jpg,Weeds,Week 3
Research Data Set each week\Week 3\Weeds\IMG_20241116_094533.jpg,Weeds,Week 3
Research Data Set each week\Week 3\Weeds\IMG_20241116_094543.jpg,Weeds,Week 3
Research Data Set each week\Week 3\Weeds\IMG_20241116_094552.jpg,Weeds,Week 3
Research Data Set each week\Week 3\Weeds\IMG_20241116_094712.jpg,Weeds,Week 3
Research Data Set each week\Week 3\Weeds\IMG_20241116_094720.jpg,Weeds,Week 3
Research Data Set each week\Week 3\Weeds\IMG_20241116_094801.jpg,Weeds,Week 3
Research Data Set each week\Week 3\Weeds\IMG_20241116_094828.jpg,Weeds,Week 3
Research Data Set each week\Week 3\Weeds\IMG_20241116_094843.jpg,Weeds,Week 3
Research Data Set each week\Week 3\Weeds\IMG_20241116_094909.jpg,Weeds,Week 3
Research Data Set each week\Week 3\Weeds\IMG_20241116_094916.jpg,Weeds,Week 3
Research Data Set each week\Week 3\Weeds\IMG_20241116_094923.jpg,Weeds,Week 3
Research Data Set each week\Week 3\Weeds\IMG_20241116_094956.jpg,Weeds,Week 3
Research Data Set each week\Week 3\Weeds\IMG_20241116_095005.jpg,Weeds,Week 3
Research Data Set each week\Week 3\Weeds\IMG_20241116_095016.jpg,Weeds,Week 3
Research Data Set each week\Week 3\Weeds\IMG_20241116_095056.jpg,Weeds,Week 3
Research Data Set each week\Week 3\Weeds\IMG_20241116_095100.jpg,Weeds,Week 3
Research Data Set each week\Week 3\Weeds\IMG_20241116_095105.jpg,Weeds,Week 3
Research Data Set each week\Week 3\Weeds\IMG_20241116_095213.jpg,Weeds,Week 3
Research Data Set each week\Week 3\Weeds\IMG_20241116_095222.jpg,Weeds,Week 3
Research Data Set each week\Week 3\Weeds\IMG_20241116_095238.jpg,Weeds,Week 3
Research Data Set each week\Week 3\Weeds\IMG_20241116_095245.jpg,Weeds,Week 3
Research Data Set each week\Week 3\Weeds\IMG_20241116_095249.jpg,Weeds,Week 3
Research Data Set each week\Week 3\Weeds\IMG_20241116_095301.jpg,Weeds,Week 3
Research Data Set each week\Week 3\Weeds\IMG_20241116_095307.jpg,Weeds,Week 3
Research Data Set each week\Week 3\Weeds\IMG_20241116_095337.jpg,Weeds,Week 3
Research Data Set each week\Week 3\Weeds\IMG_20241116_095354.jpg,Weeds,Week 3
Research Data Set each week\Week 3\Weeds\IMG_20241116_095416.jpg,Weeds,Week 3
Research Data Set each week\Week 3\Weeds\IMG_20241116_095505.jpg,Weeds,Week 3
Research Data Set each week\Week 3\Weeds\IMG_20241116_095545.jpg,Weeds,Week 3
Research Data Set each week\Week 3\Weeds\IMG_20241116_095549.jpg,Weeds,Week 3
Research Data Set each week\Week 3\Weeds\IMG_20241116_095556.jpg,Weeds,Week 3
Research Data Set each week\Week 3\Weeds\IMG_20241116_095650.jpg,Weeds,Week 3
Research Data Set each week\Week 3\Weeds\IMG_20241116_095653.jpg,Weeds,Week 3
Research Data Set each week\Week 3\Weeds\IMG_20241116_095713.jpg,Weeds,Week 3
Research Data Set each week\Week 3\Weeds\IMG_20241116_095721.jpg,Weeds,Week 3
Research Data Set each week\Week 3\Weeds\IMG_20241116_095737.jpg,Weeds,Week 3
Research Data Set each week\Week 3\Weeds\IMG_20241116_095835.jpg,Weeds,Week 3
Research Data Set each week\Week 3\Weeds\IMG_20241116_095841.jpg,Weeds,Week 3
Research Data Set each week\Week 3\Weeds\IMG_20241116_095843.jpg,Weeds,Week 3
Research Data Set each week\Week 3\Weeds\IMG_20241116_095845.jpg,Weeds,Week 3
Research Data Set each week\Week 3\Weeds\IMG_20241116_095905.jpg,Weeds,Week 3
Research Data Set each week\Week 3\Weeds\IMG_20241116_100454.jpg,Weeds,Week 3
Research Data Set each week\Week 3\Weeds\IMG_20241116_100457.jpg,Weeds,Week 3
Research Data Set each week\Week 3\Weeds\IMG_20241116_100459.jpg,Weeds,Week 3
Research Data Set each week\Week 3\Weeds\IMG_20241116_100504.jpg,Weeds,Week 3
Research Data Set each week\Week 3\Weeds\IMG_20241116_100517.jpg,Weeds,Week 3
Research Data Set each week\Week 3\Weeds\IMG_20241116_100526.jpg,Weeds,Week 3
Research Data Set each week\Week 3\Weeds\IMG_20241116_100611.jpg,Weeds,Week 3
Research Data Set each week\Week 3\Weeds\IMG_20241116_100615.jpg,Weeds,Week 3
Research Data Set each week\Week 3\Weeds\IMG_20241116_100618.jpg,Weeds,Week 3
Research Data Set each week\Week 3\Weeds\IMG_20241116_100620.jpg,Weeds,Week 3
Research Data Set each week\Week 3\Weeds\IMG_20241116_100640.jpg,Weeds,Week 3
Research Data Set each week\Week 3\Weeds\IMG_20241116_100643.jpg,Weeds,Week 3
Research Data Set each week\Week 3\Weeds\IMG_20241116_100646.jpg,Weeds,Week 3
Research Data Set each week\Week 3\Weeds\IMG_20241116_100649.jpg,Weeds,Week 3
Research Data Set each week\Week 3\Weeds\IMG_20241116_100940.jpg,Weeds,Week 3
Research Data Set each week\Week 3\Weeds\IMG_20241116_100942.jpg,Weeds,Week 3
Research Data Set each week\Week 3\Weeds\IMG_20241116_100956.jpg,Weeds,Week 3
Research Data Set each week\Week 3\Weeds\IMG_20241116_101009.jpg,Weeds,Week 3
Research Data Set each week\Week 3\Weeds\IMG_20241116_101012.jpg,Weeds,Week 3
Research Data Set each week\Week 3\Weeds\IMG_20241116_101015.jpg,Weeds,Week 3
Research Data Set each week\Week 3\Weeds\IMG_20241116_101017.jpg,Weeds,Week 3
Research Data Set each week\Week 3\Weeds\IMG_20241116_101031.jpg,Weeds,Week 3
Research Data Set each week\Week 3\Weeds\IMG_20241116_101044.jpg,Weeds,Week 3
Research Data Set each week\Week 3\Weeds\IMG_20241116_101134.jpg,Weeds,Week 3
Research Data Set each week\Week 3\Weeds\IMG_20241116_101252.jpg,Weeds,Week 3
Research Data Set each week\Week 3\Weeds\IMG_20241116_101346.jpg,Weeds,Week 3
Research Data Set each week\Week 3\Weeds\IMG_20241116_101659.jpg,Weeds,Week 3
Research Data Set each week\Week 3\Weeds\IMG_20241116_101701.jpg,Weeds,Week 3
Research Data Set each week\Week 3\Weeds\IMG_20241116_101705.jpg,Weeds,Week 3
Research Data Set each week\Week 3\Weeds\IMG_20241116_101707.jpg,Weeds,Week 3
Research Data Set each week\Week 3\Weeds\IMG_20241116_101709.jpg,Weeds,Week 3
Research Data Set each week\Week 4\Wheats\.trashed-1734927904-IMG_20241123_092454.jpg,Wheats,Week 4
Research Data Set each week\Week 4\Wheats\.trashed-1734928197-IMG_20241123_092949.jpg,Wheats,Week 4
Research Data Set each week\Week 4\Wheats\.trashed-1734932952-IMG_20241123_104907.jpg,Wheats,Week 4
Research Data Set each week\Week 4\Wheats\.trashed-1735017461-IMG_20241124_101732.jpg,Wheats,Week 4
Research Data Set each week\Week 4\Wheats\.trashed-1735017757-IMG_20241124_102221.jpg,Wheats,Week 4
Research Data Set each week\Week 4\Wheats\IMG_20241123_092335.jpg,Wheats,Week 4
Research Data Set each week\Week 4\Wheats\IMG_20241123_092451.jpg,Wheats,Week 4
Research Data Set each week\Week 4\Wheats\IMG_20241123_092459.jpg,Wheats,Week 4
Research Data Set each week\Week 4\Wheats\IMG_20241123_092518.jpg,Wheats,Week 4
Research Data Set each week\Week 4\Wheats\IMG_20241123_092527.jpg,Wheats,Week 4
Research Data Set each week\Week 4\Wheats\IMG_20241123_092528_181.jpg,Wheats,Week 4
Research Data Set each week\Week 4\Wheats\IMG_20241123_092544.jpg,Wheats,Week 4
Research Data Set each week\Week 4\Wheats\IMG_20241123_092546.jpg,Wheats,Week 4
Research Data Set each week\Week 4\Wheats\IMG_20241123_092548.jpg,Wheats,Week 4
Research Data Set each week\Week 4\Wheats\IMG_20241123_092549.jpg,Wheats,Week 4
Research Data Set each week\Week 4\Wheats\IMG_20241123_092553_090.jpg,Wheats,Week 4
Research Data Set each week\Week 4\Wheats\IMG_20241123_092556.jpg,Wheats,Week 4
Research Data Set each week\Week 4\Wheats\IMG_20241123_092636_747.jpg,Wheats,Week 4
Research Data Set each week\Week 4\Wheats\IMG_20241123_092638.jpg,Wheats,Week 4
Research Data Set each week\Week 4\Wheats\IMG_20241123_092641.jpg,Wheats,Week 4
Research Data Set each week\Week 4\Wheats\IMG_20241123_092654.jpg,Wheats,Week 4
Research Data Set each week\Week 4\Wheats\IMG_20241123_092700.jpg,Wheats,Week 4
Research Data Set each week\Week 4\Wheats\IMG_20241123_092701.jpg,Wheats,Week 4
Research Data Set each week\Week 4\Wheats\IMG_20241123_092706.jpg,Wheats,Week 4
Research Data Set each week\Week 4\Wheats\IMG_20241123_092754.jpg,Wheats,Week 4
Research Data Set each week\Week 4\Wheats\IMG_20241123_092806.jpg,Wheats,Week 4
Research Data Set each week\Week 4\Wheats\IMG_20241123_092807.jpg,Wheats,Week 4
Research Data Set each week\Week 4\Wheats\IMG_20241123_092830_205.jpg,Wheats,Week 4
Research Data Set each week\Week 4\Wheats\IMG_20241123_092831.jpg,Wheats,Week 4
Research Data Set each week\Week 4\Wheats\IMG_20241123_092853.jpg,Wheats,Week 4
Research Data Set each week\Week 4\Wheats\IMG_20241123_092857.jpg,Wheats,Week 4
Research Data Set each week\Week 4\Wheats\IMG_20241123_092858_984.jpg,Wheats,Week 4
Research Data Set each week\Week 4\Wheats\IMG_20241123_092903.jpg,Wheats,Week 4
Research Data Set each week\Week 4\Wheats\IMG_20241123_092914.jpg,Wheats,Week 4
Research Data Set each week\Week 4\Wheats\IMG_20241123_092931.jpg,Wheats,Week 4
Research Data Set each week\Week 4\Wheats\IMG_20241123_092934.jpg,Wheats,Week 4
Research Data Set each week\Week 4\Wheats\IMG_20241123_092944_372.jpg,Wheats,Week 4
Research Data Set each week\Week 4\Wheats\IMG_20241123_092950.jpg,Wheats,Week 4
Research Data Set each week\Week 4\Wheats\IMG_20241123_093004.jpg,Wheats,Week 4
Research Data Set each week\Week 4\Wheats\IMG_20241123_093010.jpg,Wheats,Week 4
Research Data Set each week\Week 4\Wheats\IMG_20241123_093011.jpg,Wheats,Week 4
Research Data Set each week\Week 4\Wheats\IMG_20241123_093012.jpg,Wheats,Week 4
Research Data Set each week\Week 4\Wheats\IMG_20241123_093023.jpg,Wheats,Week 4
Research Data Set each week\Week 4\Wheats\IMG_20241123_093131_907.jpg,Wheats,Week 4
Research Data Set each week\Week 4\Wheats\IMG_20241123_093159_462.jpg,Wheats,Week 4
Research Data Set each week\Week 4\Wheats\IMG_20241123_093225.jpg,Wheats,Week 4
Research Data Set each week\Week 4\Wheats\IMG_20241123_093238.jpg,Wheats,Week 4
Research Data Set each week\Week 4\Wheats\IMG_20241123_093239_668.jpg,Wheats,Week 4
Research Data Set each week\Week 4\Wheats\IMG_20241123_093331.jpg,Wheats,Week 4
Research Data Set each week\Week 4\Wheats\IMG_20241123_093352_401.jpg,Wheats,Week 4
Research Data Set each week\Week 4\Wheats\IMG_20241123_093428_511.jpg,Wheats,Week 4
Research Data Set each week\Week 4\Wheats\IMG_20241123_093429.jpg,Wheats,Week 4
Research Data Set each week\Week 4\Wheats\IMG_20241123_093512.jpg,Wheats,Week 4
Research Data Set each week\Week 4\Wheats\IMG_20241123_093532.jpg,Wheats,Week 4
Research Data Set each week\Week 4\Wheats\IMG_20241123_093603_759.jpg,Wheats,Week 4
Research Data Set each week\Week 4\Wheats\IMG_20241123_093629_137.jpg,Wheats,Week 4
Research Data Set each week\Week 4\Wheats\IMG_20241123_093755_524.jpg,Wheats,Week 4
Research Data Set each week\Week 4\Wheats\IMG_20241123_093825_045.jpg,Wheats,Week 4
Research Data Set each week\Week 4\Wheats\IMG_20241123_093842.jpg,Wheats,Week 4
Research Data Set each week\Week 4\Wheats\IMG_20241123_093848_808.jpg,Wheats,Week 4
Research Data Set each week\Week 4\Wheats\IMG_20241123_093859.jpg,Wheats,Week 4
Research Data Set each week\Week 4\Wheats\IMG_20241123_093925_637.jpg,Wheats,Week 4
Research Data Set each week\Week 4\Wheats\IMG_20241123_093955.jpg,Wheats,Week 4
Research Data Set each week\Week 4\Wheats\IMG_20241123_094007.jpg,Wheats,Week 4
Research Data Set each week\Week 4\Wheats\IMG_20241123_094008_612.jpg,Wheats,Week 4
Research Data Set each week\Week 4\Wheats\IMG_20241123_094029.jpg,Wheats,Week 4
Research Data Set each week\Week 4\Wheats\IMG_20241123_094031.jpg,Wheats,Week 4
Research Data Set each week\Week 4\Wheats\IMG_20241123_094127.jpg,Wheats,Week 4
Research Data Set each week\Week 4\Wheats\IMG_20241123_094154_719.jpg,Wheats,Week 4
Research Data Set each week\Week 4\Wheats\IMG_20241123_094209.jpg,Wheats,Week 4
Research Data Set each week\Week 4\Wheats\IMG_20241123_094214.jpg,Wheats,Week 4
Research Data Set each week\Week 4\Wheats\IMG_20241123_094217.jpg,Wheats,Week 4
Research Data Set each week\Week 4\Wheats\IMG_20241123_094222.jpg,Wheats,Week 4
Research Data Set each week\Week 4\Wheats\IMG_20241123_094240.jpg,Wheats,Week 4
Research Data Set each week\Week 4\Wheats\IMG_20241123_094243.jpg,Wheats,Week 4
Research Data Set each week\Week 4\Wheats\IMG_20241123_094248_045.jpg,Wheats,Week 4
Research Data Set each week\Week 4\Wheats\IMG_20241123_094323_138.jpg,Wheats,Week 4
Research Data Set each week\Week 4\Wheats\IMG_20241123_094324.jpg,Wheats,Week 4
Research Data Set each week\Week 4\Wheats\IMG_20241123_094325_156.jpg,Wheats,Week 4
Research Data Set each week\Week 4\Wheats\IMG_20241123_094328.jpg,Wheats,Week 4
Research Data Set each week\Week 4\Wheats\IMG_20241123_094332.jpg,Wheats,Week 4
Research Data Set each week\Week 4\Wheats\IMG_20241123_094336.jpg,Wheats,Week 4
Research Data Set each week\Week 4\Wheats\IMG_20241123_094338.jpg,Wheats,Week 4
Research Data Set each week\Week 4\Wheats\IMG_20241123_094343.jpg,Wheats,Week 4
Research Data Set each week\Week 4\Wheats\IMG_20241123_094348.jpg,Wheats,Week 4
Research Data Set each week\Week 4\Wheats\IMG_20241123_094350.jpg,Wheats,Week 4
Research Data Set each week\Week 4\Wheats\IMG_20241123_094353.jpg,Wheats,Week 4
Research Data Set each week\Week 4\Wheats\IMG_20241123_094403.jpg,Wheats,Week 4
Research Data Set each week\Week 4\Wheats\IMG_20241123_094404.jpg,Wheats,Week 4
Research Data Set each week\Week 4\Wheats\IMG_20241123_094409_332.jpg,Wheats,Week 4
Research Data Set each week\Week 4\Wheats\IMG_20241123_094418.jpg,Wheats,Week 4
Research Data Set each week\Week 4\Wheats\IMG_20241123_094448_582.jpg,Wheats,Week 4
Research Data Set each week\Week 4\Wheats\IMG_20241123_094456.jpg,Wheats,Week 4
Research Data Set each week\Week 4\Wheats\IMG_20241123_094509.jpg,Wheats,Week 4
Research Data Set each week\Week 4\Wheats\IMG_20241123_094511.jpg,Wheats,Week 4
Research Data Set each week\Week 4\Wheats\IMG_20241123_094513.jpg,Wheats,Week 4
Research Data Set each week\Week 4\Wheats\IMG_20241123_094514.jpg,Wheats,Week 4
Research Data Set each week\Week 4\Wheats\IMG_20241123_094516.jpg,Wheats,Week 4
Research Data Set each week\Week 4\Wheats\IMG_20241123_094517.jpg,Wheats,Week 4
Research Data Set each week\Week 4\Wheats\IMG_20241123_094520.jpg,Wheats,Week 4
Research Data Set each week\Week 4\Wheats\IMG_20241123_094526.jpg,Wheats,Week 4
Research Data Set each week\Week 4\Wheats\IMG_20241123_094529.jpg,Wheats,Week 4
Research Data Set each week\Week 4\Wheats\IMG_20241123_094548_157.jpg,Wheats,Week 4
Research Data Set each week\Week 4\Wheats\IMG_20241123_094633_543.jpg,Wheats,Week 4
Research Data Set each week\Week 4\Wheats\IMG_20241123_094651.jpg,Wheats,Week 4
Research Data Set each week\Week 4\Wheats\IMG_20241123_094653.jpg,Wheats,Week 4
Research Data Set each week\Week 4\Wheats\IMG_20241123_094657.jpg,Wheats,Week 4
Research Data Set each week\Week 4\Wheats\IMG_20241123_094745_016.jpg,Wheats,Week 4
Research Data Set each week\Week 4\Wheats\IMG_20241123_094750.jpg,Wheats,Week 4
Research Data Set each week\Week 4\Wheats\IMG_20241123_094800.jpg,Wheats,Week 4
Research Data Set each week\Week 4\Wheats\IMG_20241123_094805.jpg,Wheats,Week 4
Research Data Set each week\Week 4\Wheats\IMG_20241123_094807.jpg,Wheats,Week 4
Research Data Set each week\Week 4\Wheats\IMG_20241123_094809.jpg,Wheats,Week 4
Research Data Set each week\Week 4\Wheats\IMG_20241123_094811.jpg,Wheats,Week 4
Research Data Set each week\Week 4\Wheats\IMG_20241123_094814.jpg,Wheats,Week 4
Research Data Set each week\Week 4\Wheats\IMG_20241123_094817.jpg,Wheats,Week 4
Research Data Set each week\Week 4\Wheats\IMG_20241123_094818.jpg,Wheats,Week 4
Research Data Set each week\Week 4\Wheats\IMG_20241123_094820.jpg,Wheats,Week 4
Research Data Set each week\Week 4\Wheats\IMG_20241123_094823.jpg,Wheats,Week 4
Research Data Set each week\Week 4\Wheats\IMG_20241123_094826.jpg,Wheats,Week 4
Research Data Set each week\Week 4\Wheats\IMG_20241123_094827.jpg,Wheats,Week 4
Research Data Set each week\Week 4\Wheats\IMG_20241123_094830.jpg,Wheats,Week 4
Research Data Set each week\Week 4\Wheats\IMG_20241123_094907.jpg,Wheats,Week 4
Research Data Set each week\Week 4\Wheats\IMG_20241123_094909.jpg,Wheats,Week 4
Research Data Set each week\Week 4\Wheats\IMG_20241123_094911.jpg,Wheats,Week 4
Research Data Set each week\Week 4\Wheats\IMG_20241123_094913.jpg,Wheats,Week 4
Research Data Set each week\Week 4\Wheats\IMG_20241123_094915.jpg,Wheats,Week 4
Research Data Set each week\Week 4\Wheats\IMG_20241123_094927.jpg,Wheats,Week 4
Research Data Set each week\Week 4\Wheats\IMG_20241123_094958.jpg,Wheats,Week 4
Research Data Set each week\Week 4\Wheats\IMG_20241123_095014.jpg,Wheats,Week 4
Research Data Set each week\Week 4\Wheats\IMG_20241123_095019.jpg,Wheats,Week 4
Research Data Set each week\Week 4\Wheats\IMG_20241123_095022.jpg,Wheats,Week 4
Research Data Set each week\Week 4\Wheats\IMG_20241123_095023.jpg,Wheats,Week 4
Research Data Set each week\Week 4\Wheats\IMG_20241123_095032.jpg,Wheats,Week 4
Research Data Set each week\Week 4\Wheats\IMG_20241123_095036.jpg,Wheats,Week 4
Research Data Set each week\Week 4\Wheats\IMG_20241123_095038.jpg,Wheats,Week 4
Research Data Set each week\Week 4\Wheats\IMG_20241123_095040.jpg,Wheats,Week 4
Research Data Set each week\Week 4\Wheats\IMG_20241123_095042.jpg,Wheats,Week 4
Research Data Set each week\Week 4\Wheats\IMG_20241123_095340.jpg,Wheats,Week 4
Research Data Set each week\Week 4\Wheats\IMG_20241123_095721_099.jpg,Wheats,Week 4
Research Data Set each week\Week 4\Wheats\IMG_20241123_095724.jpg,Wheats,Week 4
Research Data Set each week\Week 4\Wheats\IMG_20241123_095801_613.jpg,Wheats,Week 4
Research Data Set each week\Week 4\Wheats\IMG_20241123_095812_478.jpg,Wheats,Week 4
Research Data Set each week\Week 4\Wheats\IMG_20241123_095820_434.jpg,Wheats,Week 4
Research Data Set each week\Week 4\Wheats\IMG_20241123_095837_288.jpg,Wheats,Week 4
Research Data Set each week\Week 4\Wheats\IMG_20241123_095838_162.jpg,Wheats,Week 4
Research Data Set each week\Week 4\Wheats\IMG_20241123_095840_515.jpg,Wheats,Week 4
Research Data Set each week\Week 4\Wheats\IMG_20241123_100023_560.jpg,Wheats,Week 4
Research Data Set each week\Week 4\Wheats\IMG_20241123_100025_381.jpg,Wheats,Week 4
Research Data Set each week\Week 4\Wheats\IMG_20241123_100052_683.jpg,Wheats,Week 4
Research Data Set each week\Week 4\Wheats\IMG_20241123_100139_232.jpg,Wheats,Week 4
Research Data Set each week\Week 4\Wheats\IMG_20241123_100140_530.jpg,Wheats,Week 4
Research Data Set each week\Week 4\Wheats\IMG_20241123_100213_986.jpg,Wheats,Week 4
Research Data Set each week\Week 4\Wheats\IMG_20241123_100236.jpg,Wheats,Week 4
Research Data Set each week\Week 4\Wheats\IMG_20241123_100300_853.jpg,Wheats,Week 4
Research Data Set each week\Week 4\Wheats\IMG_20241123_100305.jpg,Wheats,Week 4
Research Data Set each week\Week 4\Wheats\IMG_20241123_100315.jpg,Wheats,Week 4
Research Data Set each week\Week 4\Wheats\IMG_20241123_100318_519.jpg,Wheats,Week 4
Research Data Set each week\Week 4\Wheats\IMG_20241123_100319_546.jpg,Wheats,Week 4
Research Data Set each week\Week 4\Wheats\IMG_20241123_100320_232.jpg,Wheats,Week 4
Research Data Set each week\Week 4\Wheats\IMG_20241123_100343.jpg,Wheats,Week 4
Research Data Set each week\Week 4\Wheats\IMG_20241123_100343_171.jpg,Wheats,Week 4
Research Data Set each week\Week 4\Wheats\IMG_20241123_100344_231.jpg,Wheats,Week 4
Research Data Set each week\Week 4\Wheats\IMG_20241123_100353.jpg,Wheats,Week 4
Research Data Set each week\Week 4\Wheats\IMG_20241123_100355.jpg,Wheats,Week 4
Research Data Set each week\Week 4\Wheats\IMG_20241123_100409_274.jpg,Wheats,Week 4
Research Data Set each week\Week 4\Wheats\IMG_20241123_100426.jpg,Wheats,Week 4
Research Data Set each week\Week 4\Wheats\IMG_20241123_100429.jpg,Wheats,Week 4
Research Data Set each week\Week 4\Wheats\IMG_20241123_100444.jpg,Wheats,Week 4
Research Data Set each week\Week 4\Wheats\IMG_20241123_100447.jpg,Wheats,Week 4
Research Data Set each week\Week 4\Wheats\IMG_20241123_100449.jpg,Wheats,Week 4
Research Data Set each week\Week 4\Wheats\IMG_20241123_100456.jpg,Wheats,Week 4
Research Data Set each week\Week 4\Wheats\IMG_20241123_100539.jpg,Wheats,Week 4
Research Data Set each week\Week 4\Wheats\IMG_20241123_100547.jpg,Wheats,Week 4
Research Data Set each week\Week 4\Wheats\IMG_20241123_100551.jpg,Wheats,Week 4
Research Data Set each week\Week 4\Wheats\IMG_20241123_100622.jpg,Wheats,Week 4
Research Data Set each week\Week 4\Wheats\IMG_20241123_100638.jpg,Wheats,Week 4
Research Data Set each week\Week 4\Wheats\IMG_20241123_100641.jpg,Wheats,Week 4
Research Data Set each week\Week 4\Wheats\IMG_20241123_100642.jpg,Wheats,Week 4
Research Data Set each week\Week 4\Wheats\IMG_20241123_100646.jpg,Wheats,Week 4
Research Data Set each week\Week 4\Wheats\IMG_20241123_100659.jpg,Wheats,Week 4
Research Data Set each week\Week 4\Wheats\IMG_20241123_100712.jpg,Wheats,Week 4
Research Data Set each week\Week 4\Wheats\IMG_20241123_100718.jpg,Wheats,Week 4
Research Data Set each week\Week 4\Wheats\IMG_20241123_100727.jpg,Wheats,Week 4
Research Data Set each week\Week 4\Wheats\IMG_20241123_100735.jpg,Wheats,Week 4
Research Data Set each week\Week 4\Wheats\IMG_20241123_100741.jpg,Wheats,Week 4
Research Data Set each week\Week 4\Wheats\IMG_20241123_100756_504.jpg,Wheats,Week 4
Research Data Set each week\Week 4\Wheats\IMG_20241123_100806_309.jpg,Wheats,Week 4
Research Data Set each week\Week 4\Wheats\IMG_20241123_100818.jpg,Wheats,Week 4
Research Data Set each week\Week 4\Wheats\IMG_20241123_100822.jpg,Wheats,Week 4
Research Data Set each week\Week 4\Wheats\IMG_20241123_100822_985.jpg,Wheats,Week 4
Research Data Set each week\Week 4\Wheats\IMG_20241123_100823_792.jpg,Wheats,Week 4
Research Data Set each week\Week 4\Wheats\IMG_20241123_100824.jpg,Wheats,Week 4
Research Data Set each week\Week 4\Wheats\IMG_20241123_100828.jpg,Wheats,Week 4
Research Data Set each week\Week 4\Wheats\IMG_20241123_100957.jpg,Wheats,Week 4
Research Data Set each week\Week 4\Wheats\IMG_20241123_100958.jpg,Wheats,Week 4
Research Data Set each week\Week 4\Wheats\IMG_20241123_100959.jpg,Wheats,Week 4
Research Data Set each week\Week 4\Wheats\IMG_20241123_101000.jpg,Wheats,Week 4
Research Data Set each week\Week 4\Wheats\IMG_20241123_101002.jpg,Wheats,Week 4
Research Data Set each week\Week 4\Wheats\IMG_20241123_101012.jpg,Wheats,Week 4
Research Data Set each week\Week 4\Wheats\IMG_20241123_101018.jpg,Wheats,Week 4
Research Data Set each week\Week 4\Wheats\IMG_20241123_101018_073.jpg,Wheats,Week 4
Research Data Set each week\Week 4\Wheats\IMG_20241123_101018_855.jpg,Wheats,Week 4
Research Data Set each week\Week 4\Wheats\IMG_20241123_101037.jpg,Wheats,Week 4
Research Data Set each week\Week 4\Wheats\IMG_20241123_101213.jpg,Wheats,Week 4
Research Data Set each week\Week 4\Wheats\IMG_20241123_101215.jpg,Wheats,Week 4
Research Data Set each week\Week 4\Wheats\IMG_20241123_101217.jpg,Wheats,Week 4
Research Data Set each week\Week 4\Wheats\IMG_20241123_101217_1.jpg,Wheats,Week 4
Research Data Set each week\Week 4\Wheats\IMG_20241123_101218.jpg,Wheats,Week 4
Research Data Set each week\Week 4\Wheats\IMG_20241123_101244.jpg,Wheats,Week 4
Research Data Set each week\Week 4\Wheats\IMG_20241123_101246.jpg,Wheats,Week 4
Research Data Set each week\Week 4\Wheats\IMG_20241123_101247.jpg,Wheats,Week 4
Research Data Set each week\Week 4\Wheats\IMG_20241123_101248_008.jpg,Wheats,Week 4
Research Data Set each week\Week 4\Wheats\IMG_20241123_101248_984.jpg,Wheats,Week 4
Research Data Set each week\Week 4\Wheats\IMG_20241123_101249.jpg,Wheats,Week 4
Research Data Set each week\Week 4\Wheats\IMG_20241123_101250.jpg,Wheats,Week 4
Research Data Set each week\Week 4\Wheats\IMG_20241123_101251.jpg,Wheats,Week 4
Research Data Set each week\Week 4\Wheats\IMG_20241123_101253.jpg,Wheats,Week 4
Research Data Set each week\Week 4\Wheats\IMG_20241123_101300.jpg,Wheats,Week 4
Research Data Set each week\Week 4\Wheats\IMG_20241123_101303.jpg,Wheats,Week 4
Research Data Set each week\Week 4\Wheats\IMG_20241123_101305.jpg,Wheats,Week 4
Research Data Set each week\Week 4\Wheats\IMG_20241123_101306.jpg,Wheats,Week 4
Research Data Set each week\Week 4\Wheats\IMG_20241123_101310.jpg,Wheats,Week 4
Research Data Set each week\Week 4\Wheats\IMG_20241123_101312.jpg,Wheats,Week 4
Research Data Set each week\Week 4\Wheats\IMG_20241123_101314.jpg,Wheats,Week 4
Research Data Set each week\Week 4\Wheats\IMG_20241123_101343.jpg,Wheats,Week 4
Research Data Set each week\Week 4\Wheats\IMG_20241123_101345.jpg,Wheats,Week 4
Research Data Set each week\Week 4\Wheats\IMG_20241123_101347.jpg,Wheats,Week 4
Research Data Set each week\Week 4\Wheats\IMG_20241123_101349.jpg,Wheats,Week 4
Research Data Set each week\Week 4\Wheats\IMG_20241123_101353.jpg,Wheats,Week 4
Research Data Set each week\Week 4\Wheats\IMG_20241123_101355.jpg,Wheats,Week 4
Research Data Set each week\Week 4\Wheats\IMG_20241123_101356.jpg,Wheats,Week 4
Research Data Set each week\Week 4\Wheats\IMG_20241123_101359.jpg,Wheats,Week 4
Research Data Set each week\Week 4\Wheats\IMG_20241123_101526.jpg,Wheats,Week 4
Research Data Set each week\Week 4\Wheats\IMG_20241123_101553.jpg,Wheats,Week 4
Research Data Set each week\Week 4\Wheats\IMG_20241123_101554_670.jpg,Wheats,Week 4
Research Data Set each week\Week 4\Wheats\IMG_20241123_101555_632.jpg,Wheats,Week 4
Research Data Set each week\Week 4\Wheats\IMG_20241123_101556.jpg,Wheats,Week 4
Research Data Set each week\Week 4\Wheats\IMG_20241123_101557_745.jpg,Wheats,Week 4
Research Data Set each week\Week 4\Wheats\IMG_20241123_101558.jpg,Wheats,Week 4
Research Data Set each week\Week 4\Wheats\IMG_20241123_101613.jpg,Wheats,Week 4
Research Data Set each week\Week 4\Wheats\IMG_20241123_101703.jpg,Wheats,Week 4
Research Data Set each week\Week 4\Wheats\IMG_20241123_101704.jpg,Wheats,Week 4
Research Data Set each week\Week 4\Wheats\IMG_20241123_101706.jpg,Wheats,Week 4
Research Data Set each week\Week 4\Wheats\IMG_20241123_101709.jpg,Wheats,Week 4
Research Data Set each week\Week 4\Wheats\IMG_20241123_101711.jpg,Wheats,Week 4
Research Data Set each week\Week 4\Wheats\IMG_20241123_101712.jpg,Wheats,Week 4
Research Data Set each week\Week 4\Wheats\IMG_20241123_101714.jpg,Wheats,Week 4
Research Data Set each week\Week 4\Wheats\IMG_20241123_101736.jpg,Wheats,Week 4
Research Data Set each week\Week 4\Wheats\IMG_20241123_101736_139.jpg,Wheats,Week 4
Research Data Set each week\Week 4\Wheats\IMG_20241123_101739.jpg,Wheats,Week 4
Research Data Set each week\Week 4\Wheats\IMG_20241123_101739_113.jpg,Wheats,Week 4
Research Data Set each week\Week 4\Wheats\IMG_20241123_101740.jpg,Wheats,Week 4
Research Data Set each week\Week 4\Wheats\IMG_20241123_101743.jpg,Wheats,Week 4
Research Data Set each week\Week 4\Wheats\IMG_20241123_101746.jpg,Wheats,Week 4
Research Data Set each week\Week 4\Wheats\IMG_20241123_101758.jpg,Wheats,Week 4
Research Data Set each week\Week 4\Wheats\IMG_20241123_101801.jpg,Wheats,Week 4
Research Data Set each week\Week 4\Wheats\IMG_20241123_101804.jpg,Wheats,Week 4
Research Data Set each week\Week 4\Wheats\IMG_20241123_101807.jpg,Wheats,Week 4
Research Data Set each week\Week 4\Wheats\IMG_20241123_101809.jpg,Wheats,Week 4
Research Data Set each week\Week 4\Wheats\IMG_20241123_101816.jpg,Wheats,Week 4
Research Data Set each week\Week 4\Wheats\IMG_20241123_101819.jpg,Wheats,Week 4
Research Data Set each week\Week 4\Wheats\IMG_20241123_101824.jpg,Wheats,Week 4
Research Data Set each week\Week 4\Wheats\IMG_20241123_101832.jpg,Wheats,Week 4
Research Data Set each week\Week 4\Wheats\IMG_20241123_101832_467.jpg,Wheats,Week 4
Research Data Set each week\Week 4\Wheats\IMG_20241123_101833_593.jpg,Wheats,Week 4
Research Data Set each week\Week 4\Wheats\IMG_20241123_101834.jpg,Wheats,Week 4
Research Data Set each week\Week 4\Wheats\IMG_20241123_101834_621.jpg,Wheats,Week 4
Research Data Set each week\Week 4\Wheats\IMG_20241123_101836.jpg,Wheats,Week 4
Research Data Set each week\Week 4\Wheats\IMG_20241123_101857.jpg,Wheats,Week 4
Research Data Set each week\Week 4\Wheats\IMG_20241123_101900.jpg,Wheats,Week 4
Research Data Set each week\Week 4\Wheats\IMG_20241123_101904.jpg,Wheats,Week 4
Research Data Set each week\Week 4\Wheats\IMG_20241123_101907.jpg,Wheats,Week 4
Research Data Set each week\Week 4\Wheats\IMG_20241123_101912.jpg,Wheats,Week 4
Research Data Set each week\Week 4\Wheats\IMG_20241123_101926.jpg,Wheats,Week 4
Research Data Set each week\Week 4\Wheats\IMG_20241123_101933_473.jpg,Wheats,Week 4
Research Data Set each week\Week 4\Wheats\IMG_20241123_101948_568.jpg,Wheats,Week 4
Research Data Set each week\Week 4\Wheats\IMG_20241123_101949_075.jpg,Wheats,Week 4
Research Data Set each week\Week 4\Wheats\IMG_20241123_101950_774.jpg,Wheats,Week 4
Research Data Set each week\Week 4\Wheats\IMG_20241123_101955_147.jpg,Wheats,Week 4
Research Data Set each week\Week 4\Wheats\IMG_20241123_102000.jpg,Wheats,Week 4
Research Data Set each week\Week 4\Wheats\IMG_20241123_102009.jpg,Wheats,Week 4
Research Data Set each week\Week 4\Wheats\IMG_20241123_102017.jpg,Wheats,Week 4
Research Data Set each week\Week 4\Wheats\IMG_20241123_102125.jpg,Wheats,Week 4
Research Data Set each week\Week 4\Wheats\IMG_20241123_102145_919.jpg,Wheats,Week 4
Research Data Set each week\Week 4\Wheats\IMG_20241123_102146_969.jpg,Wheats,Week 4
Research Data Set each week\Week 4\Wheats\IMG_20241123_102148_231.jpg,Wheats,Week 4
Research Data Set each week\Week 4\Wheats\IMG_20241123_102157.jpg,Wheats,Week 4
Research Data Set each week\Week 4\Wheats\IMG_20241123_102229.jpg,Wheats,Week 4
Research Data Set each week\Week 4\Wheats\IMG_20241123_102231_077.jpg,Wheats,Week 4
Research Data Set each week\Week 4\Wheats\IMG_20241123_102236.jpg,Wheats,Week 4
Research Data Set each week\Week 4\Wheats\IMG_20241123_102237.jpg,Wheats,Week 4
Research Data Set each week\Week 4\Wheats\IMG_20241123_102239.jpg,Wheats,Week 4
Research Data Set each week\Week 4\Wheats\IMG_20241123_102309.jpg,Wheats,Week 4
Research Data Set each week\Week 4\Wheats\IMG_20241123_102311.jpg,Wheats,Week 4
Research Data Set each week\Week 4\Wheats\IMG_20241123_102315.jpg,Wheats,Week 4
Research Data Set each week\Week 4\Wheats\IMG_20241123_102318.jpg,Wheats,Week 4
Research Data Set each week\Week 4\Wheats\IMG_20241123_102320.jpg,Wheats,Week 4
Research Data Set each week\Week 4\Wheats\IMG_20241123_102325.jpg,Wheats,Week 4
Research Data Set each week\Week 4\Wheats\IMG_20241123_102325_481.jpg,Wheats,Week 4
Research Data Set each week\Week 4\Wheats\IMG_20241123_102327_149.jpg,Wheats,Week 4
Research Data Set each week\Week 4\Wheats\IMG_20241123_102328.jpg,Wheats,Week 4
Research Data Set each week\Week 4\Wheats\IMG_20241123_102328_988.jpg,Wheats,Week 4
Research Data Set each week\Week 4\Wheats\IMG_20241123_102330.jpg,Wheats,Week 4
Research Data Set each week\Week 4\Wheats\IMG_20241123_102332.jpg,Wheats,Week 4
Research Data Set each week\Week 4\Wheats\IMG_20241123_102334.jpg,Wheats,Week 4
Research Data Set each week\Week 4\Wheats\IMG_20241123_102344_731.jpg,Wheats,Week 4
Research Data Set each week\Week 4\Wheats\IMG_20241123_102408.jpg,Wheats,Week 4
Research Data Set each week\Week 4\Wheats\IMG_20241123_102409.jpg,Wheats,Week 4
Research Data Set each week\Week 4\Wheats\IMG_20241123_102410.jpg,Wheats,Week 4
Research Data Set each week\Week 4\Wheats\IMG_20241123_102436_133.jpg,Wheats,Week 4
Research Data Set each week\Week 4\Wheats\IMG_20241123_102438_150.jpg,Wheats,Week 4
Research Data Set each week\Week 4\Wheats\IMG_20241123_102505.jpg,Wheats,Week 4
Research Data Set each week\Week 4\Wheats\IMG_20241123_102508.jpg,Wheats,Week 4
Research Data Set each week\Week 4\Wheats\IMG_20241123_102545.jpg,Wheats,Week 4
Research Data Set each week\Week 4\Wheats\IMG_20241123_102548.jpg,Wheats,Week 4
Research Data Set each week\Week 4\Wheats\IMG_20241123_102552.jpg,Wheats,Week 4
Research Data Set each week\Week 4\Wheats\IMG_20241123_102601.jpg,Wheats,Week 4
Research Data Set each week\Week 4\Wheats\IMG_20241123_102603.jpg,Wheats,Week 4
Research Data Set each week\Week 4\Wheats\IMG_20241123_102606_615.jpg,Wheats,Week 4
Research Data Set each week\Week 4\Wheats\IMG_20241123_102609_181.jpg,Wheats,Week 4
Research Data Set each week\Week 4\Wheats\IMG_20241123_102610.jpg,Wheats,Week 4
Research Data Set each week\Week 4\Wheats\IMG_20241123_102622.jpg,Wheats,Week 4
Research Data Set each week\Week 4\Wheats\IMG_20241123_102625.jpg,Wheats,Week 4
Research Data Set each week\Week 4\Wheats\IMG_20241123_102630.jpg,Wheats,Week 4
Research Data Set each week\Week 4\Wheats\IMG_20241123_102633.jpg,Wheats,Week 4
Research Data Set each week\Week 4\Wheats\IMG_20241123_102634.jpg,Wheats,Week 4
Research Data Set each week\Week 4\Wheats\IMG_20241123_102636.jpg,Wheats,Week 4
Research Data Set each week\Week 4\Wheats\IMG_20241123_102637.jpg,Wheats,Week 4
Research Data Set each week\Week 4\Wheats\IMG_20241123_102642.jpg,Wheats,Week 4
Research Data Set each week\Week 4\Wheats\IMG_20241123_102642_955.jpg,Wheats,Week 4
Research Data Set each week\Week 4\Wheats\IMG_20241123_102644.jpg,Wheats,Week 4
Research Data Set each week\Week 4\Wheats\IMG_20241123_102649.jpg,Wheats,Week 4
Research Data Set each week\Week 4\Wheats\IMG_20241123_102655.jpg,Wheats,Week 4
Research Data Set each week\Week 4\Wheats\IMG_20241123_102657.jpg,Wheats,Week 4
Research Data Set each week\Week 4\Wheats\IMG_20241123_102659_747.jpg,Wheats,Week 4
Research Data Set each week\Week 4\Wheats\IMG_20241123_102700_296.jpg,Wheats,Week 4
Research Data Set each week\Week 4\Wheats\IMG_20241123_102701_165.jpg,Wheats,Week 4
Research Data Set each week\Week 4\Wheats\IMG_20241123_102701_849.jpg,Wheats,Week 4
Research Data Set each week\Week 4\Wheats\IMG_20241123_102705.jpg,Wheats,Week 4
Research Data Set each week\Week 4\Wheats\IMG_20241123_102708.jpg,Wheats,Week 4
Research Data Set each week\Week 4\Wheats\IMG_20241123_102710.jpg,Wheats,Week 4
Research Data Set each week\Week 4\Wheats\IMG_20241123_102713.jpg,Wheats,Week 4
Research Data Set each week\Week 4\Wheats\IMG_20241123_102719.jpg,Wheats,Week 4
Research Data Set each week\Week 4\Wheats\IMG_20241123_102721.jpg,Wheats,Week 4
Research Data Set each week\Week 4\Wheats\IMG_20241123_102725.jpg,Wheats,Week 4
Research Data Set each week\Week 4\Wheats\IMG_20241123_102727.jpg,Wheats,Week 4
Research Data Set each week\Week 4\Wheats\IMG_20241123_102733_547.jpg,Wheats,Week 4
Research Data Set each week\Week 4\Wheats\IMG_20241123_102736.jpg,Wheats,Week 4
Research Data Set each week\Week 4\Wheats\IMG_20241123_102746_812.jpg,Wheats,Week 4
Research Data Set each week\Week 4\Wheats\IMG_20241123_102913.jpg,Wheats,Week 4
Research Data Set each week\Week 4\Wheats\IMG_20241123_103015.jpg,Wheats,Week 4
Research Data Set each week\Week 4\Wheats\IMG_20241123_103017.jpg,Wheats,Week 4
Research Data Set each week\Week 4\Wheats\IMG_20241123_103017_794.jpg,Wheats,Week 4
Research Data Set each week\Week 4\Wheats\IMG_20241123_103018.jpg,Wheats,Week 4
Research Data Set each week\Week 4\Wheats\IMG_20241123_103019_370.jpg,Wheats,Week 4
Research Data Set each week\Week 4\Wheats\IMG_20241123_103020.jpg,Wheats,Week 4
Research Data Set each week\Week 4\Wheats\IMG_20241123_103020_624.jpg,Wheats,Week 4
Research Data Set each week\Week 4\Wheats\IMG_20241123_103021.jpg,Wheats,Week 4
Research Data Set each week\Week 4\Wheats\IMG_20241123_103022.jpg,Wheats,Week 4
Research Data Set each week\Week 4\Wheats\IMG_20241123_103023.jpg,Wheats,Week 4
Research Data Set each week\Week 4\Wheats\IMG_20241123_103026.jpg,Wheats,Week 4
Research Data Set each week\Week 4\Wheats\IMG_20241123_103027.jpg,Wheats,Week 4
Research Data Set each week\Week 4\Wheats\IMG_20241123_103028.jpg,Wheats,Week 4
Research Data Set each week\Week 4\Wheats\IMG_20241123_103030.jpg,Wheats,Week 4
Research Data Set each week\Week 4\Wheats\IMG_20241123_103031.jpg,Wheats,Week 4
Research Data Set each week\Week 4\Wheats\IMG_20241123_103033.jpg,Wheats,Week 4
Research Data Set each week\Week 4\Wheats\IMG_20241123_103036.jpg,Wheats,Week 4
Research Data Set each week\Week 4\Wheats\IMG_20241123_103040.jpg,Wheats,Week 4
Research Data Set each week\Week 4\Wheats\IMG_20241123_103054.jpg,Wheats,Week 4
Research Data Set each week\Week 4\Wheats\IMG_20241123_103056.jpg,Wheats,Week 4
Research Data Set each week\Week 4\Wheats\IMG_20241123_103056_507.jpg,Wheats,Week 4
Research Data Set each week\Week 4\Wheats\IMG_20241123_103058.jpg,Wheats,Week 4
Research Data Set each week\Week 4\Wheats\IMG_20241123_103059.jpg,Wheats,Week 4
Research Data Set each week\Week 4\Wheats\IMG_20241123_103100.jpg,Wheats,Week 4
Research Data Set each week\Week 4\Wheats\IMG_20241123_103113.jpg,Wheats,Week 4
Research Data Set each week\Week 4\Wheats\IMG_20241123_103114.jpg,Wheats,Week 4
Research Data Set each week\Week 4\Wheats\IMG_20241123_103116.jpg,Wheats,Week 4
Research Data Set each week\Week 4\Wheats\IMG_20241123_103125.jpg,Wheats,Week 4
Research Data Set each week\Week 4\Wheats\IMG_20241123_103141_270.jpg,Wheats,Week 4
Research Data Set each week\Week 4\Wheats\IMG_20241123_103144.jpg,Wheats,Week 4
Research Data Set each week\Week 4\Wheats\IMG_20241123_103148.jpg,Wheats,Week 4
Research Data Set each week\Week 4\Wheats\IMG_20241123_103151.jpg,Wheats,Week 4
Research Data Set each week\Week 4\Wheats\IMG_20241123_103152_057.jpg,Wheats,Week 4
Research Data Set each week\Week 4\Wheats\IMG_20241123_103154.jpg,Wheats,Week 4
Research Data Set each week\Week 4\Wheats\IMG_20241123_103156.jpg,Wheats,Week 4
Research Data Set each week\Week 4\Wheats\IMG_20241123_103158.jpg,Wheats,Week 4
Research Data Set each week\Week 4\Wheats\IMG_20241123_103159.jpg,Wheats,Week 4
Research Data Set each week\Week 4\Wheats\IMG_20241123_103204_609.jpg,Wheats,Week 4
Research Data Set each week\Week 4\Wheats\IMG_20241123_103232_659.jpg,Wheats,Week 4
Research Data Set each week\Week 4\Wheats\IMG_20241123_103234_066.jpg,Wheats,Week 4
Research Data Set each week\Week 4\Wheats\IMG_20241123_103235.jpg,Wheats,Week 4
Research Data Set each week\Week 4\Wheats\IMG_20241123_103235_191.jpg,Wheats,Week 4
Research Data Set each week\Week 4\Wheats\IMG_20241123_103237.jpg,Wheats,Week 4
Research Data Set each week\Week 4\Wheats\IMG_20241123_103247.jpg,Wheats,Week 4
Research Data Set each week\Week 4\Wheats\IMG_20241123_103249.jpg,Wheats,Week 4
Research Data Set each week\Week 4\Wheats\IMG_20241123_103252.jpg,Wheats,Week 4
Research Data Set each week\Week 4\Wheats\IMG_20241123_103254.jpg,Wheats,Week 4
Research Data Set each week\Week 4\Wheats\IMG_20241123_103256.jpg,Wheats,Week 4
Research Data Set each week\Week 4\Wheats\IMG_20241123_103259.jpg,Wheats,Week 4
Research Data Set each week\Week 4\Wheats\IMG_20241123_103301.jpg,Wheats,Week 4
Research Data Set each week\Week 4\Wheats\IMG_20241123_103303.jpg,Wheats,Week 4
Research Data Set each week\Week 4\Wheats\IMG_20241123_104251.jpg,Wheats,Week 4
Research Data Set each week\Week 4\Wheats\IMG_20241123_104255.jpg,Wheats,Week 4
Research Data Set each week\Week 4\Wheats\IMG_20241123_104257.jpg,Wheats,Week 4
Research Data Set each week\Week 4\Wheats\IMG_20241123_104259.jpg,Wheats,Week 4
Research Data Set each week\Week 4\Wheats\IMG_20241123_104301.jpg,Wheats,Week 4
Research Data Set each week\Week 4\Wheats\IMG_20241123_104303.jpg,Wheats,Week 4
Research Data Set each week\Week 4\Wheats\IMG_20241123_104305.jpg,Wheats,Week 4
Research Data Set each week\Week 4\Wheats\IMG_20241123_104309.jpg,Wheats,Week 4
Research Data Set each week\Week 4\Wheats\IMG_20241123_104311.jpg,Wheats,Week 4
Research Data Set each week\Week 4\Wheats\IMG_20241123_104313.jpg,Wheats,Week 4
Research Data Set each week\Week 4\Wheats\IMG_20241123_104334.jpg,Wheats,Week 4
Research Data Set each week\Week 4\Wheats\IMG_20241123_104337.jpg,Wheats,Week 4
Research Data Set each week\Week 4\Wheats\IMG_20241123_104338.jpg,Wheats,Week 4
Research Data Set each week\Week 4\Wheats\IMG_20241123_104340.jpg,Wheats,Week 4
Research Data Set each week\Week 4\Wheats\IMG_20241123_104343.jpg,Wheats,Week 4
Research Data Set each week\Week 4\Wheats\IMG_20241123_104345.jpg,Wheats,Week 4
Research Data Set each week\Week 4\Wheats\IMG_20241123_104347.jpg,Wheats,Week 4
Research Data Set each week\Week 4\Wheats\IMG_20241123_104350.jpg,Wheats,Week 4
Research Data Set each week\Week 4\Wheats\IMG_20241123_104355.jpg,Wheats,Week 4
Research Data Set each week\Week 4\Wheats\IMG_20241123_104421.jpg,Wheats,Week 4
Research Data Set each week\Week 4\Wheats\IMG_20241123_104447.jpg,Wheats,Week 4
Research Data Set each week\Week 4\Wheats\IMG_20241123_104452.jpg,Wheats,Week 4
Research Data Set each week\Week 4\Wheats\IMG_20241123_104454.jpg,Wheats,Week 4
Research Data Set each week\Week 4\Wheats\IMG_20241123_104514_254.jpg,Wheats,Week 4
Research Data Set each week\Week 4\Wheats\IMG_20241123_104520_503.jpg,Wheats,Week 4
Research Data Set each week\Week 4\Wheats\IMG_20241123_104541.jpg,Wheats,Week 4
Research Data Set each week\Week 4\Wheats\IMG_20241123_104542.jpg,Wheats,Week 4
Research Data Set each week\Week 4\Wheats\IMG_20241123_104544.jpg,Wheats,Week 4
Research Data Set each week\Week 4\Wheats\IMG_20241123_104553_065.jpg,Wheats,Week 4
Research Data Set each week\Week 4\Wheats\IMG_20241123_104553_621.jpg,Wheats,Week 4
Research Data Set each week\Week 4\Wheats\IMG_20241123_104554_465.jpg,Wheats,Week 4
Research Data Set each week\Week 4\Wheats\IMG_20241123_104558_093.jpg,Wheats,Week 4
Research Data Set each week\Week 4\Wheats\IMG_20241123_104558_501.jpg,Wheats,Week 4
Research Data Set each week\Week 4\Wheats\IMG_20241123_104600_142.jpg,Wheats,Week 4
Research Data Set each week\Week 4\Wheats\IMG_20241123_104601.jpg,Wheats,Week 4
Research Data Set each week\Week 4\Wheats\IMG_20241123_104616.jpg,Wheats,Week 4
Research Data Set each week\Week 4\Wheats\IMG_20241123_104629.jpg,Wheats,Week 4
Research Data Set each week\Week 4\Wheats\IMG_20241123_104639.jpg,Wheats,Week 4
Research Data Set each week\Week 4\Wheats\IMG_20241123_104641.jpg,Wheats,Week 4
Research Data Set each week\Week 4\Wheats\IMG_20241123_104648.jpg,Wheats,Week 4
Research Data Set each week\Week 4\Wheats\IMG_20241123_104651.jpg,Wheats,Week 4
Research Data Set each week\Week 4\Wheats\IMG_20241123_104658.jpg,Wheats,Week 4
Research Data Set each week\Week 4\Wheats\IMG_20241123_104701.jpg,Wheats,Week 4
Research Data Set each week\Week 4\Wheats\IMG_20241123_104714.jpg,Wheats,Week 4
Research Data Set each week\Week 4\Wheats\IMG_20241123_104716.jpg,Wheats,Week 4
Research Data Set each week\Week 4\Wheats\IMG_20241123_104719.jpg,Wheats,Week 4
Research Data Set each week\Week 4\Wheats\IMG_20241123_104722.jpg,Wheats,Week 4
Research Data Set each week\Week 4\Wheats\IMG_20241123_104724.jpg,Wheats,Week 4
Research Data Set each week\Week 4\Wheats\IMG_20241123_104727.jpg,Wheats,Week 4
Research Data Set each week\Week 4\Wheats\IMG_20241123_104728_748.jpg,Wheats,Week 4
Research Data Set each week\Week 4\Wheats\IMG_20241123_104729.jpg,Wheats,Week 4
Research Data Set each week\Week 4\Wheats\IMG_20241123_104731_421.jpg,Wheats,Week 4
Research Data Set each week\Week 4\Wheats\IMG_20241123_104732.jpg,Wheats,Week 4
Research Data Set each week\Week 4\Wheats\IMG_20241123_104733_178.jpg,Wheats,Week 4
Research Data Set each week\Week 4\Wheats\IMG_20241123_104735_135.jpg,Wheats,Week 4
Research Data Set each week\Week 4\Wheats\IMG_20241123_104753_625.jpg,Wheats,Week 4
Research Data Set each week\Week 4\Wheats\IMG_20241123_104754_610.jpg,Wheats,Week 4
Research Data Set each week\Week 4\Wheats\IMG_20241123_104755_921.jpg,Wheats,Week 4
Research Data Set each week\Week 4\Wheats\IMG_20241123_104804_614.jpg,Wheats,Week 4
Research Data Set each week\Week 4\Wheats\IMG_20241123_104807_121.jpg,Wheats,Week 4
Research Data Set each week\Week 4\Wheats\IMG_20241123_104807_625.jpg,Wheats,Week 4
Research Data Set each week\Week 4\Wheats\IMG_20241123_104821.jpg,Wheats,Week 4
Research Data Set each week\Week 4\Wheats\IMG_20241123_104823.jpg,Wheats,Week 4
Research Data Set each week\Week 4\Wheats\IMG_20241123_104828.jpg,Wheats,Week 4
Research Data Set each week\Week 4\Wheats\IMG_20241123_104830.jpg,Wheats,Week 4
Research Data Set each week\Week 4\Wheats\IMG_20241123_104831.jpg,Wheats,Week 4
Research Data Set each week\Week 4\Wheats\IMG_20241123_104832.jpg,Wheats,Week 4
Research Data Set each week\Week 4\Wheats\IMG_20241123_104834.jpg,Wheats,Week 4
Research Data Set each week\Week 4\Wheats\IMG_20241123_104836.jpg,Wheats,Week 4
Research Data Set each week\Week 4\Wheats\IMG_20241123_104844.jpg,Wheats,Week 4
Research Data Set each week\Week 4\Wheats\IMG_20241123_104845.jpg,Wheats,Week 4
Research Data Set each week\Week 4\Wheats\IMG_20241123_104846.jpg,Wheats,Week 4
Research Data Set each week\Week 4\Wheats\IMG_20241123_104847.jpg,Wheats,Week 4
Research Data Set each week\Week 4\Wheats\IMG_20241123_104850.jpg,Wheats,Week 4
Research Data Set each week\Week 4\Wheats\IMG_20241123_104853.jpg,Wheats,Week 4
Research Data Set each week\Week 4\Wheats\IMG_20241123_104921.jpg,Wheats,Week 4
Research Data Set each week\Week 4\Wheats\IMG_20241123_104928.jpg,Wheats,Week 4
Research Data Set each week\Week 4\Wheats\IMG_20241123_104930.jpg,Wheats,Week 4
Research Data Set each week\Week 4\Wheats\IMG_20241123_104932.jpg,Wheats,Week 4
Research Data Set each week\Week 4\Wheats\IMG_20241123_104934.jpg,Wheats,Week 4
Research Data Set each week\Week 4\Wheats\IMG_20241123_104945.jpg,Wheats,Week 4
Research Data Set each week\Week 4\Wheats\IMG_20241123_104946_379.jpg,Wheats,Week 4
Research Data Set each week\Week 4\Wheats\IMG_20241123_104949.jpg,Wheats,Week 4
Research Data Set each week\Week 4\Wheats\IMG_20241123_104958.jpg,Wheats,Week 4
Research Data Set each week\Week 4\Wheats\IMG_20241123_105007.jpg,Wheats,Week 4
Research Data Set each week\Week 4\Wheats\IMG_20241123_105009.jpg,Wheats,Week 4
Research Data Set each week\Week 4\Wheats\IMG_20241123_105010.jpg,Wheats,Week 4
Research Data Set each week\Week 4\Wheats\IMG_20241123_105011.jpg,Wheats,Week 4
Research Data Set each week\Week 4\Wheats\IMG_20241123_105012.jpg,Wheats,Week 4
Research Data Set each week\Week 4\Wheats\IMG_20241123_105013.jpg,Wheats,Week 4
Research Data Set each week\Week 4\Wheats\IMG_20241123_105033.jpg,Wheats,Week 4
Research Data Set each week\Week 4\Wheats\IMG_20241123_105035.jpg,Wheats,Week 4
Research Data Set each week\Week 4\Wheats\IMG_20241123_105037.jpg,Wheats,Week 4
Research Data Set each week\Week 4\Wheats\IMG_20241123_105039.jpg,Wheats,Week 4
Research Data Set each week\Week 4\Wheats\IMG_20241123_105044.jpg,Wheats,Week 4
Research Data Set each week\Week 4\Wheats\IMG_20241123_105046.jpg,Wheats,Week 4
Research Data Set each week\Week 4\Wheats\IMG_20241123_105048.jpg,Wheats,Week 4
Research Data Set each week\Week 4\Wheats\IMG_20241123_105050_004.jpg,Wheats,Week 4
Research Data Set each week\Week 4\Wheats\IMG_20241123_105051_881.jpg,Wheats,Week 4
Research Data Set each week\Week 4\Wheats\IMG_20241123_105103_444.jpg,Wheats,Week 4
Research Data Set each week\Week 4\Wheats\IMG_20241123_105104_843.jpg,Wheats,Week 4
Research Data Set each week\Week 4\Wheats\IMG_20241123_105105.jpg,Wheats,Week 4
Research Data Set each week\Week 4\Wheats\IMG_20241123_105105_822.jpg,Wheats,Week 4
Research Data Set each week\Week 4\Wheats\IMG_20241123_105108.jpg,Wheats,Week 4
Research Data Set each week\Week 4\Wheats\IMG_20241123_105112.jpg,Wheats,Week 4
Research Data Set each week\Week 4\Wheats\IMG_20241123_105114.jpg,Wheats,Week 4
Research Data Set each week\Week 4\Wheats\IMG_20241123_105114_456.jpg,Wheats,Week 4
Research Data Set each week\Week 4\Wheats\IMG_20241123_105116.jpg,Wheats,Week 4
Research Data Set each week\Week 4\Wheats\IMG_20241123_105116_572.jpg,Wheats,Week 4
Research Data Set each week\Week 4\Wheats\IMG_20241123_105119.jpg,Wheats,Week 4
Research Data Set each week\Week 4\Wheats\IMG_20241123_105134.jpg,Wheats,Week 4
Research Data Set each week\Week 4\Wheats\IMG_20241123_105135_119.jpg,Wheats,Week 4
Research Data Set each week\Week 4\Wheats\IMG_20241123_105135_807.jpg,Wheats,Week 4
Research Data Set each week\Week 4\Wheats\IMG_20241123_105137_384.jpg,Wheats,Week 4
Research Data Set each week\Week 4\Wheats\IMG_20241123_105138.jpg,Wheats,Week 4
Research Data Set each week\Week 4\Wheats\IMG_20241123_105140.jpg,Wheats,Week 4
Research Data Set each week\Week 4\Wheats\IMG_20241123_105140_353.jpg,Wheats,Week 4
Research Data Set each week\Week 4\Wheats\IMG_20241123_105141_129.jpg,Wheats,Week 4
Research Data Set each week\Week 4\Wheats\IMG_20241123_105141_970.jpg,Wheats,Week 4
Research Data Set each week\Week 4\Wheats\IMG_20241123_105142.jpg,Wheats,Week 4
Research Data Set each week\Week 4\Wheats\IMG_20241123_105142_738.jpg,Wheats,Week 4
Research Data Set each week\Week 4\Wheats\IMG_20241123_105143_446.jpg,Wheats,Week 4
Research Data Set each week\Week 4\Wheats\IMG_20241123_105144.jpg,Wheats,Week 4
Research Data Set each week\Week 4\Wheats\IMG_20241123_105144_288.jpg,Wheats,Week 4
Research Data Set each week\Week 4\Wheats\IMG_20241123_105145_298.jpg,Wheats,Week 4
Research Data Set each week\Week 4\Wheats\IMG_20241123_105145_868.jpg,Wheats,Week 4
Research Data Set each week\Week 4\Wheats\IMG_20241123_105148.jpg,Wheats,Week 4
Research Data Set each week\Week 4\Wheats\IMG_20241123_105150.jpg,Wheats,Week 4
Research Data Set each week\Week 4\Wheats\IMG_20241123_105153_662.jpg,Wheats,Week 4
Research Data Set each week\Week 4\Wheats\IMG_20241123_105201.jpg,Wheats,Week 4
Research Data Set each week\Week 4\Wheats\IMG_20241123_105202.jpg,Wheats,Week 4
Research Data Set each week\Week 4\Wheats\IMG_20241123_110020.jpg,Wheats,Week 4
Research Data Set each week\Week 4\Wheats\IMG_20241123_110022.jpg,Wheats,Week 4
Research Data Set each week\Week 4\Wheats\IMG_20241123_110022_601.jpg,Wheats,Week 4
Research Data Set each week\Week 4\Wheats\IMG_20241123_110026.jpg,Wheats,Week 4
Research Data Set each week\Week 4\Wheats\IMG_20241123_110034_588.jpg,Wheats,Week 4
Research Data Set each week\Week 4\Wheats\IMG_20241123_110048.jpg,Wheats,Week 4
Research Data Set each week\Week 4\Wheats\IMG_20241123_110054.jpg,Wheats,Week 4
Research Data Set each week\Week 4\Wheats\IMG_20241123_110056.jpg,Wheats,Week 4
Research Data Set each week\Week 4\Wheats\IMG_20241123_110057.jpg,Wheats,Week 4
Research Data Set each week\Week 4\Wheats\IMG_20241123_110110.jpg,Wheats,Week 4
Research Data Set each week\Week 4\Wheats\IMG_20241123_110112.jpg,Wheats,Week 4
Research Data Set each week\Week 4\Wheats\IMG_20241123_110114.jpg,Wheats,Week 4
Research Data Set each week\Week 4\Wheats\IMG_20241123_110116.jpg,Wheats,Week 4
Research Data Set each week\Week 4\Wheats\IMG_20241123_110134_129.jpg,Wheats,Week 4
Research Data Set each week\Week 4\Wheats\IMG_20241123_110135_002.jpg,Wheats,Week 4
Research Data Set each week\Week 4\Wheats\IMG_20241123_110135_898.jpg,Wheats,Week 4
Research Data Set each week\Week 4\Wheats\IMG_20241123_110137_630.jpg,Wheats,Week 4
Research Data Set each week\Week 4\Wheats\IMG_20241123_110139.jpg,Wheats,Week 4
Research Data Set each week\Week 4\Wheats\IMG_20241123_110141.jpg,Wheats,Week 4
Research Data Set each week\Week 4\Wheats\IMG_20241123_110146.jpg,Wheats,Week 4
Research Data Set each week\Week 4\Wheats\IMG_20241123_110150_953.jpg,Wheats,Week 4
Research Data Set each week\Week 4\Wheats\IMG_20241123_110152_324.jpg,Wheats,Week 4
Research Data Set each week\Week 4\Wheats\IMG_20241123_110153_720.jpg,Wheats,Week 4
Research Data Set each week\Week 4\Wheats\IMG_20241123_110155_580.jpg,Wheats,Week 4
Research Data Set each week\Week 4\Wheats\IMG_20241123_110215_070.jpg,Wheats,Week 4
Research Data Set each week\Week 4\Wheats\IMG_20241123_110219_205.jpg,Wheats,Week 4
Research Data Set each week\Week 4\Wheats\IMG_20241123_110223_264.jpg,Wheats,Week 4
Research Data Set each week\Week 4\Wheats\IMG_20241123_110225_584.jpg,Wheats,Week 4
Research Data Set each week\Week 4\Wheats\IMG_20241123_110235_946.jpg,Wheats,Week 4
Research Data Set each week\Week 4\Wheats\IMG_20241123_110240.jpg,Wheats,Week 4
Research Data Set each week\Week 4\Wheats\IMG_20241123_110248.jpg,Wheats,Week 4
Research Data Set each week\Week 4\Wheats\IMG_20241123_110257_037.jpg,Wheats,Week 4
Research Data Set each week\Week 4\Wheats\IMG_20241123_110257_734.jpg,Wheats,Week 4
Research Data Set each week\Week 4\Wheats\IMG_20241124_095107.jpg,Wheats,Week 4
Research Data Set each week\Week 4\Wheats\IMG_20241124_095110.jpg,Wheats,Week 4
Research Data Set each week\Week 4\Wheats\IMG_20241124_095118.jpg,Wheats,Week 4
Research Data Set each week\Week 4\Wheats\IMG_20241124_095121.jpg,Wheats,Week 4
Research Data Set each week\Week 4\Wheats\IMG_20241124_095124.jpg,Wheats,Week 4
Research Data Set each week\Week 4\Wheats\IMG_20241124_095125.jpg,Wheats,Week 4
Research Data Set each week\Week 4\Wheats\IMG_20241124_095135.jpg,Wheats,Week 4
Research Data Set each week\Week 4\Wheats\IMG_20241124_095140.jpg,Wheats,Week 4
Research Data Set each week\Week 4\Wheats\IMG_20241124_095142.jpg,Wheats,Week 4
Research Data Set each week\Week 4\Wheats\IMG_20241124_095145.jpg,Wheats,Week 4
Research Data Set each week\Week 4\Wheats\IMG_20241124_095147.jpg,Wheats,Week 4
Research Data Set each week\Week 4\Wheats\IMG_20241124_095151.jpg,Wheats,Week 4
Research Data Set each week\Week 4\Wheats\IMG_20241124_095156.jpg,Wheats,Week 4
Research Data Set each week\Week 4\Wheats\IMG_20241124_095159.jpg,Wheats,Week 4
Research Data Set each week\Week 4\Wheats\IMG_20241124_095256.jpg,Wheats,Week 4
Research Data Set each week\Week 4\Wheats\IMG_20241124_095259.jpg,Wheats,Week 4
Research Data Set each week\Week 4\Wheats\IMG_20241124_095302.jpg,Wheats,Week 4
Research Data Set each week\Week 4\Wheats\IMG_20241124_095304.jpg,Wheats,Week 4
Research Data Set each week\Week 4\Wheats\IMG_20241124_095306.jpg,Wheats,Week 4
Research Data Set each week\Week 4\Wheats\IMG_20241124_095308.jpg,Wheats,Week 4
Research Data Set each week\Week 4\Wheats\IMG_20241124_095313.jpg,Wheats,Week 4
Research Data Set each week\Week 4\Wheats\IMG_20241124_095316.jpg,Wheats,Week 4
Research Data Set each week\Week 4\Wheats\IMG_20241124_095319.jpg,Wheats,Week 4
Research Data Set each week\Week 4\Wheats\IMG_20241124_095321.jpg,Wheats,Week 4
Research Data Set each week\Week 4\Wheats\IMG_20241124_095325.jpg,Wheats,Week 4
Research Data Set each week\Week 4\Wheats\IMG_20241124_095332.jpg,Wheats,Week 4
Research Data Set each week\Week 4\Wheats\IMG_20241124_095334.jpg,Wheats,Week 4
Research Data Set each week\Week 4\Wheats\IMG_20241124_095337.jpg,Wheats,Week 4
Research Data Set each week\Week 4\Wheats\IMG_20241124_095339.jpg,Wheats,Week 4
Research Data Set each week\Week 4\Wheats\IMG_20241124_095341.jpg,Wheats,Week 4
Research Data Set each week\Week 4\Wheats\IMG_20241124_095343.jpg,Wheats,Week 4
Research Data Set each week\Week 4\Wheats\IMG_20241124_095346.jpg,Wheats,Week 4
Research Data Set each week\Week 4\Wheats\IMG_20241124_095347.jpg,Wheats,Week 4
Research Data Set each week\Week 4\Wheats\IMG_20241124_095456.jpg,Wheats,Week 4
Research Data Set each week\Week 4\Wheats\IMG_20241124_095458.jpg,Wheats,Week 4
Research Data Set each week\Week 4\Wheats\IMG_20241124_095501.jpg,Wheats,Week 4
Research Data Set each week\Week 4\Wheats\IMG_20241124_095503.jpg,Wheats,Week 4
Research Data Set each week\Week 4\Wheats\IMG_20241124_095505.jpg,Wheats,Week 4
Research Data Set each week\Week 4\Wheats\IMG_20241124_095510.jpg,Wheats,Week 4
Research Data Set each week\Week 4\Wheats\IMG_20241124_095515.jpg,Wheats,Week 4
Research Data Set each week\Week 4\Wheats\IMG_20241124_095517.jpg,Wheats,Week 4
Research Data Set each week\Week 4\Wheats\IMG_20241124_095520.jpg,Wheats,Week 4
Research Data Set each week\Week 4\Wheats\IMG_20241124_095528.jpg,Wheats,Week 4
Research Data Set each week\Week 4\Wheats\IMG_20241124_095531.jpg,Wheats,Week 4
Research Data Set each week\Week 4\Wheats\IMG_20241124_095532.jpg,Wheats,Week 4
Research Data Set each week\Week 4\Wheats\IMG_20241124_095534.jpg,Wheats,Week 4
Research Data Set each week\Week 4\Wheats\IMG_20241124_095536.jpg,Wheats,Week 4
Research Data Set each week\Week 4\Wheats\IMG_20241124_095538.jpg,Wheats,Week 4
Research Data Set each week\Week 4\Wheats\IMG_20241124_095541.jpg,Wheats,Week 4
Research Data Set each week\Week 4\Wheats\IMG_20241124_095544.jpg,Wheats,Week 4
Research Data Set each week\Week 4\Wheats\IMG_20241124_095548.jpg,Wheats,Week 4
Research Data Set each week\Week 4\Wheats\IMG_20241124_095550.jpg,Wheats,Week 4
Research Data Set each week\Week 4\Wheats\IMG_20241124_101049.jpg,Wheats,Week 4
Research Data Set each week\Week 4\Wheats\IMG_20241124_101052.jpg,Wheats,Week 4
Research Data Set each week\Week 4\Wheats\IMG_20241124_101054.jpg,Wheats,Week 4
Research Data Set each week\Week 4\Wheats\IMG_20241124_101056.jpg,Wheats,Week 4
Research Data Set each week\Week 4\Wheats\IMG_20241124_101100.jpg,Wheats,Week 4
Research Data Set each week\Week 4\Wheats\IMG_20241124_101103.jpg,Wheats,Week 4
Research Data Set each week\Week 4\Wheats\IMG_20241124_101105.jpg,Wheats,Week 4
Research Data Set each week\Week 4\Wheats\IMG_20241124_101107.jpg,Wheats,Week 4
Research Data Set each week\Week 4\Wheats\IMG_20241124_101111.jpg,Wheats,Week 4
Research Data Set each week\Week 4\Wheats\IMG_20241124_101114.jpg,Wheats,Week 4
Research Data Set each week\Week 4\Wheats\IMG_20241124_101116.jpg,Wheats,Week 4
Research Data Set each week\Week 4\Wheats\IMG_20241124_101119.jpg,Wheats,Week 4
Research Data Set each week\Week 4\Wheats\IMG_20241124_101121.jpg,Wheats,Week 4
Research Data Set each week\Week 4\Wheats\IMG_20241124_101124.jpg,Wheats,Week 4
Research Data Set each week\Week 4\Wheats\IMG_20241124_101126.jpg,Wheats,Week 4
Research Data Set each week\Week 4\Wheats\IMG_20241124_101220.jpg,Wheats,Week 4
Research Data Set each week\Week 4\Wheats\IMG_20241124_101222.jpg,Wheats,Week 4
Research Data Set each week\Week 4\Wheats\IMG_20241124_101224.jpg,Wheats,Week 4
Research Data Set each week\Week 4\Wheats\IMG_20241124_101226.jpg,Wheats,Week 4
Research Data Set each week\Week 4\Wheats\IMG_20241124_101228.jpg,Wheats,Week 4
Research Data Set each week\Week 4\Wheats\IMG_20241124_101230.jpg,Wheats,Week 4
Research Data Set each week\Week 4\Wheats\IMG_20241124_101232.jpg,Wheats,Week 4
Research Data Set each week\Week 4\Wheats\IMG_20241124_101235.jpg,Wheats,Week 4
Research Data Set each week\Week 4\Wheats\IMG_20241124_101236.jpg,Wheats,Week 4
Research Data Set each week\Week 4\Wheats\IMG_20241124_101239.jpg,Wheats,Week 4
Research Data Set each week\Week 4\Wheats\IMG_20241124_101240.jpg,Wheats,Week 4
Research Data Set each week\Week 4\Wheats\IMG_20241124_101243.jpg,Wheats,Week 4
Research Data Set each week\Week 4\Wheats\IMG_20241124_101248.jpg,Wheats,Week 4
Research Data Set each week\Week 4\Wheats\IMG_20241124_101250.jpg,Wheats,Week 4
Research Data Set each week\Week 4\Wheats\IMG_20241124_101259.jpg,Wheats,Week 4
Research Data Set each week\Week 4\Wheats\IMG_20241124_101301.jpg,Wheats,Week 4
Research Data Set each week\Week 4\Wheats\IMG_20241124_101439.jpg,Wheats,Week 4
Research Data Set each week\Week 4\Wheats\IMG_20241124_101441.jpg,Wheats,Week 4
Research Data Set each week\Week 4\Wheats\IMG_20241124_101443.jpg,Wheats,Week 4
Research Data Set each week\Week 4\Wheats\IMG_20241124_101445.jpg,Wheats,Week 4
Research Data Set each week\Week 4\Wheats\IMG_20241124_101447.jpg,Wheats,Week 4
Research Data Set each week\Week 4\Wheats\IMG_20241124_101449.jpg,Wheats,Week 4
Research Data Set each week\Week 4\Wheats\IMG_20241124_101451.jpg,Wheats,Week 4
Research Data Set each week\Week 4\Wheats\IMG_20241124_101454.jpg,Wheats,Week 4
Research Data Set each week\Week 4\Wheats\IMG_20241124_101457.jpg,Wheats,Week 4
Research Data Set each week\Week 4\Wheats\IMG_20241124_101458.jpg,Wheats,Week 4
Research Data Set each week\Week 4\Wheats\IMG_20241124_101500.jpg,Wheats,Week 4
Research Data Set each week\Week 4\Wheats\IMG_20241124_101501.jpg,Wheats,Week 4
Research Data Set each week\Week 4\Wheats\IMG_20241124_101503.jpg,Wheats,Week 4
Research Data Set each week\Week 4\Wheats\IMG_20241124_101622.jpg,Wheats,Week 4
Research Data Set each week\Week 4\Wheats\IMG_20241124_101624.jpg,Wheats,Week 4
Research Data Set each week\Week 4\Wheats\IMG_20241124_101627.jpg,Wheats,Week 4
Research Data Set each week\Week 4\Wheats\IMG_20241124_101629.jpg,Wheats,Week 4
Research Data Set each week\Week 4\Wheats\IMG_20241124_101631.jpg,Wheats,Week 4
Research Data Set each week\Week 4\Wheats\IMG_20241124_101634.jpg,Wheats,Week 4
Research Data Set each week\Week 4\Wheats\IMG_20241124_101636.jpg,Wheats,Week 4
Research Data Set each week\Week 4\Wheats\IMG_20241124_101637.jpg,Wheats,Week 4
Research Data Set each week\Week 4\Wheats\IMG_20241124_101639.jpg,Wheats,Week 4
Research Data Set each week\Week 4\Wheats\IMG_20241124_101641.jpg,Wheats,Week 4
Research Data Set each week\Week 4\Wheats\IMG_20241124_101642.jpg,Wheats,Week 4
Research Data Set each week\Week 4\Wheats\IMG_20241124_101644.jpg,Wheats,Week 4
Research Data Set each week\Week 4\Wheats\IMG_20241124_101716.jpg,Wheats,Week 4
Research Data Set each week\Week 4\Wheats\IMG_20241124_101718.jpg,Wheats,Week 4
Research Data Set each week\Week 4\Wheats\IMG_20241124_101720.jpg,Wheats,Week 4
Research Data Set each week\Week 4\Wheats\IMG_20241124_101722.jpg,Wheats,Week 4
Research Data Set each week\Week 4\Wheats\IMG_20241124_101724.jpg,Wheats,Week 4
Research Data Set each week\Week 4\Wheats\IMG_20241124_101829.jpg,Wheats,Week 4
Research Data Set each week\Week 4\Wheats\IMG_20241124_101831.jpg,Wheats,Week 4
Research Data Set each week\Week 4\Wheats\IMG_20241124_101833.jpg,Wheats,Week 4
Research Data Set each week\Week 4\Wheats\IMG_20241124_101835.jpg,Wheats,Week 4
Research Data Set each week\Week 4\Wheats\IMG_20241124_101837.jpg,Wheats,Week 4
Research Data Set each week\Week 4\Wheats\IMG_20241124_101839.jpg,Wheats,Week 4
Research Data Set each week\Week 4\Wheats\IMG_20241124_101841.jpg,Wheats,Week 4
Research Data Set each week\Week 4\Wheats\IMG_20241124_101842.jpg,Wheats,Week 4
Research Data Set each week\Week 4\Wheats\IMG_20241124_101844.jpg,Wheats,Week 4
Research Data Set each week\Week 4\Wheats\IMG_20241124_101846.jpg,Wheats,Week 4
Research Data Set each week\Week 4\Wheats\IMG_20241124_101848.jpg,Wheats,Week 4
Research Data Set each week\Week 4\Wheats\IMG_20241124_101849.jpg,Wheats,Week 4
Research Data Set each week\Week 4\Wheats\IMG_20241124_101933.jpg,Wheats,Week 4
Research Data Set each week\Week 4\Wheats\IMG_20241124_101936.jpg,Wheats,Week 4
Research Data Set each week\Week 4\Wheats\IMG_20241124_101937.jpg,Wheats,Week 4
Research Data Set each week\Week 4\Wheats\IMG_20241124_101939.jpg,Wheats,Week 4
Research Data Set each week\Week 4\Wheats\IMG_20241124_101944.jpg,Wheats,Week 4
Research Data Set each week\Week 4\Wheats\IMG_20241124_101945.jpg,Wheats,Week 4
Research Data Set each week\Week 4\Wheats\IMG_20241124_102026.jpg,Wheats,Week 4
Research Data Set each week\Week 4\Wheats\IMG_20241124_102028.jpg,Wheats,Week 4
Research Data Set each week\Week 4\Wheats\IMG_20241124_102033.jpg,Wheats,Week 4
Research Data Set each week\Week 4\Wheats\IMG_20241124_102035.jpg,Wheats,Week 4
Research Data Set each week\Week 4\Wheats\IMG_20241124_102039.jpg,Wheats,Week 4
Research Data Set each week\Week 4\Wheats\IMG_20241124_102043.jpg,Wheats,Week 4
Research Data Set each week\Week 4\Wheats\IMG_20241124_102047.jpg,Wheats,Week 4
Research Data Set each week\Week 4\Wheats\IMG_20241124_102049.jpg,Wheats,Week 4
Research Data Set each week\Week 4\Wheats\IMG_20241124_102051.jpg,Wheats,Week 4
Research Data Set each week\Week 4\Wheats\IMG_20241124_102057.jpg,Wheats,Week 4
Research Data Set each week\Week 4\Wheats\IMG_20241124_102102.jpg,Wheats,Week 4
Research Data Set each week\Week 4\Wheats\IMG_20241124_102155.jpg,Wheats,Week 4
Research Data Set each week\Week 4\Wheats\IMG_20241124_102158.jpg,Wheats,Week 4
Research Data Set each week\Week 4\Wheats\IMG_20241124_102202.jpg,Wheats,Week 4
Research Data Set each week\Week 4\Wheats\IMG_20241124_102204.jpg,Wheats,Week 4
Research Data Set each week\Week 4\Wheats\IMG_20241124_102205.jpg,Wheats,Week 4
Research Data Set each week\Week 4\Wheats\IMG_20241124_102207.jpg,Wheats,Week 4
Research Data Set each week\Week 4\Wheats\IMG_20241124_102209.jpg,Wheats,Week 4
Research Data Set each week\Week 4\Wheats\IMG_20241124_102211.jpg,Wheats,Week 4
Research Data Set each week\Week 4\Wheats\IMG_20241124_102213.jpg,Wheats,Week 4
Research Data Set each week\Week 4\Wheats\IMG_20241124_102214.jpg,Wheats,Week 4
Research Data Set each week\Week 4\Wheats\IMG_20241124_102216.jpg,Wheats,Week 4
Research Data Set each week\Week 4\Wheats\IMG_20241124_102217.jpg,Wheats,Week 4
Research Data Set each week\Week 4\Wheats\IMG_20241124_102219.jpg,Wheats,Week 4
Research Data Set each week\Week 4\Wheats\IMG_20241124_102222.jpg,Wheats,Week 4
Research Data Set each week\Week 4\Wheats\IMG_20241124_102224.jpg,Wheats,Week 4
Research Data Set each week\Week 4\Wheats\IMG_20241124_102226.jpg,Wheats,Week 4
Research Data Set each week\Week 4\Wheats\IMG_20241124_102227.jpg,Wheats,Week 4
Research Data Set each week\Week 4\Wheats\IMG_20241124_102257.jpg,Wheats,Week 4
Research Data Set each week\Week 4\Wheats\IMG_20241124_102259.jpg,Wheats,Week 4
Research Data Set each week\Week 4\Wheats\IMG_20241124_102301.jpg,Wheats,Week 4
Research Data Set each week\Week 4\Wheats\IMG_20241124_102303.jpg,Wheats,Week 4
Research Data Set each week\Week 4\Wheats\IMG_20241124_102305.jpg,Wheats,Week 4
Research Data Set each week\Week 4\Wheats\IMG_20241124_102307.jpg,Wheats,Week 4
Research Data Set each week\Week 4\Wheats\IMG_20241124_102309.jpg,Wheats,Week 4
Research Data Set each week\Week 4\Wheats\IMG_20241124_102311.jpg,Wheats,Week 4
Research Data Set each week\Week 4\Wheats\IMG_20241124_102313.jpg,Wheats,Week 4
Research Data Set each week\Week 4\Wheats\IMG_20241124_102316.jpg,Wheats,Week 4
Research Data Set each week\Week 4\Wheats\IMG_20241124_102317.jpg,Wheats,Week 4
Research Data Set each week\Week 4\Wheats\IMG_20241124_102320.jpg,Wheats,Week 4
Research Data Set each week\Week 4\Wheats\IMG_20241124_102322.jpg,Wheats,Week 4
Research Data Set each week\Week 4\Wheats\IMG_20241124_102324.jpg,Wheats,Week 4
Research Data Set each week\Week 4\Wheats\IMG_20241124_102401.jpg,Wheats,Week 4
Research Data Set each week\Week 4\Wheats\IMG_20241124_102403.jpg,Wheats,Week 4
Research Data Set each week\Week 4\Wheats\IMG_20241124_102443.jpg,Wheats,Week 4
Research Data Set each week\Week 4\Wheats\IMG_20241124_102445.jpg,Wheats,Week 4
Research Data Set each week\Week 4\Wheats\IMG_20241124_102448.jpg,Wheats,Week 4
Research Data Set each week\Week 4\Wheats\IMG_20241124_102450.jpg,Wheats,Week 4
Research Data Set each week\Week 4\Wheats\IMG_20241124_102451.jpg,Wheats,Week 4
Research Data Set each week\Week 4\Wheats\IMG_20241124_102453.jpg,Wheats,Week 4
Research Data Set each week\Week 4\Wheats\IMG_20241124_102519.jpg,Wheats,Week 4
Research Data Set each week\Week 4\Wheats\IMG_20241124_102522.jpg,Wheats,Week 4
Research Data Set each week\Week 4\Wheats\IMG_20241124_102524.jpg,Wheats,Week 4
Research Data Set each week\Week 4\Wheats\IMG_20241124_102526.jpg,Wheats,Week 4
Research Data Set each week\Week 4\Wheats\IMG_20241124_102527.jpg,Wheats,Week 4
Research Data Set each week\Week 4\Wheats\IMG_20241124_102529.jpg,Wheats,Week 4
Research Data Set each week\Week 4\Wheats\IMG_20241124_102531.jpg,Wheats,Week 4
Research Data Set each week\Week 4\Wheats\IMG_20241124_102533.jpg,Wheats,Week 4
Research Data Set each week\Week 4\Wheats\IMG_20241124_102535.jpg,Wheats,Week 4
Research Data Set each week\Week 4\Wheats\IMG_20241124_102537.jpg,Wheats,Week 4
Research Data Set each week\Week 4\Wheats\IMG_20241124_102539.jpg,Wheats,Week 4
Research Data Set each week\Week 4\Wheats\IMG_20241124_102610.jpg,Wheats,Week 4
Research Data Set each week\Week 4\Wheats\IMG_20241124_102637.jpg,Wheats,Week 4
Research Data Set each week\Week 4\Wheats\IMG_20241124_102639.jpg,Wheats,Week 4
Research Data Set each week\Week 4\Wheats\IMG_20241124_102642.jpg,Wheats,Week 4
Research Data Set each week\Week 4\Wheats\IMG_20241124_102645.jpg,Wheats,Week 4
Research Data Set each week\Week 4\Wheats\IMG_20241124_102648.jpg,Wheats,Week 4
Research Data Set each week\Week 4\Wheats\IMG_20241124_102649.jpg,Wheats,Week 4
Research Data Set each week\Week 4\Wheats\IMG_20241124_102651.jpg,Wheats,Week 4
Research Data Set each week\Week 4\Wheats\IMG_20241124_102656.jpg,Wheats,Week 4
Research Data Set each week\Week 4\Wheats\IMG_20241124_102700.jpg,Wheats,Week 4
Research Data Set each week\Week 4\Wheats\IMG_20241124_102704.jpg,Wheats,Week 4
Research Data Set each week\Week 4\Wheats\IMG_20241124_102705.jpg,Wheats,Week 4
Research Data Set each week\Week 4\Wheats\IMG_20241124_102707.jpg,Wheats,Week 4
Research Data Set each week\Week 4\Wheats\IMG_20241124_102822.jpg,Wheats,Week 4
Research Data Set each week\Week 4\Wheats\IMG_20241124_102824.jpg,Wheats,Week 4
Research Data Set each week\Week 4\Wheats\IMG_20241124_102831.jpg,Wheats,Week 4
Research Data Set each week\Week 4\Wheats\IMG_20241124_102836.jpg,Wheats,Week 4
Research Data Set each week\Week 4\Weeds\.trashed-1734323333-IMG_20241116_092837.jpg,Weeds,Week 4
Research Data Set each week\Week 4\Weeds\.trashed-1734323923-IMG_20241116_093837.jpg,Weeds,Week 4
Research Data Set each week\Week 4\Weeds\.trashed-1734928150-IMG_20241123_092620.jpg,Weeds,Week 4
Research Data Set each week\Week 4\Weeds\.trashed-1734929088-IMG_20241123_094432.jpg,Weeds,Week 4
Research Data Set each week\Week 4\Weeds\.trashed-1734930659-IMG_20241123_101008.jpg,Weeds,Week 4
Research Data Set each week\Week 4\Weeds\IMG_20241102_091927.jpg,Weeds,Week 4
Research Data Set each week\Week 4\Weeds\IMG_20241102_093059.jpg,Weeds,Week 4
Research Data Set each week\Week 4\Weeds\IMG_20241102_093410.jpg,Weeds,Week 4
Research Data Set each week\Week 4\Weeds\IMG_20241102_093612.jpg,Weeds,Week 4
Research Data Set each week\Week 4\Weeds\IMG_20241102_093928.jpg,Weeds,Week 4
Research Data Set each week\Week 4\Weeds\IMG_20241102_094206.jpg,Weeds,Week 4
Research Data Set each week\Week 4\Weeds\IMG_20241102_094318.jpg,Weeds,Week 4
Research Data Set each week\Week 4\Weeds\IMG_20241102_094519.jpg,Weeds,Week 4
Research Data Set each week\Week 4\Weeds\IMG_20241102_095136.jpg,Weeds,Week 4
Research Data Set each week\Week 4\Weeds\IMG_20241102_095148.jpg,Weeds,Week 4
Research Data Set each week\Week 4\Weeds\IMG_20241116_092901.jpg,Weeds,Week 4
Research Data Set each week\Week 4\Weeds\IMG_20241116_093810.jpg,Weeds,Week 4
Research Data Set each week\Week 4\Weeds\IMG_20241116_093821.jpg,Weeds,Week 4
Research Data Set each week\Week 4\Weeds\IMG_20241116_093919.jpg,Weeds,Week 4
Research Data Set each week\Week 4\Weeds\IMG_20241116_093924.jpg,Weeds,Week 4
Research Data Set each week\Week 4\Weeds\IMG_20241116_094051.jpg,Weeds,Week 4
Research Data Set each week\Week 4\Weeds\IMG_20241116_094057.jpg,Weeds,Week 4
Research Data Set each week\Week 4\Weeds\IMG_20241116_094100.jpg,Weeds,Week 4
Research Data Set each week\Week 4\Weeds\IMG_20241116_094118.jpg,Weeds,Week 4
Research Data Set each week\Week 4\Weeds\IMG_20241116_094143.jpg,Weeds,Week 4
Research Data Set each week\Week 4\Weeds\IMG_20241116_094146.jpg,Weeds,Week 4
Research Data Set each week\Week 4\Weeds\IMG_20241116_094149.jpg,Weeds,Week 4
Research Data Set each week\Week 4\Weeds\IMG_20241116_094152.jpg,Weeds,Week 4
Research Data Set each week\Week 4\Weeds\IMG_20241116_094156.jpg,Weeds,Week 4
Research Data Set each week\Week 4\Weeds\IMG_20241116_094206.jpg,Weeds,Week 4
Research Data Set each week\Week 4\Weeds\IMG_20241116_094236.jpg,Weeds,Week 4
Research Data Set each week\Week 4\Weeds\IMG_20241116_094239.jpg,Weeds,Week 4
Research Data Set each week\Week 4\Weeds\IMG_20241116_094258.jpg,Weeds,Week 4
Research Data Set each week\Week 4\Weeds\IMG_20241116_094302.jpg,Weeds,Week 4
Research Data Set each week\Week 4\Weeds\IMG_20241116_094405.jpg,Weeds,Week 4
Research Data Set each week\Week 4\Weeds\IMG_20241116_094411.jpg,Weeds,Week 4
Research Data Set each week\Week 4\Weeds\IMG_20241116_094417.jpg,Weeds,Week 4
Research Data Set each week\Week 4\Weeds\IMG_20241116_094456.jpg,Weeds,Week 4
Research Data Set each week\Week 4\Weeds\IMG_20241116_094502.jpg,Weeds,Week 4
Research Data Set each week\Week 4\Weeds\IMG_20241116_094505.jpg,Weeds,Week 4
Research Data Set each week\Week 4\Weeds\IMG_20241116_094533.jpg,Weeds,Week 4
Research Data Set each week\Week 4\Weeds\IMG_20241116_094543.jpg,Weeds,Week 4
Research Data Set each week\Week 4\Weeds\IMG_20241116_094552.jpg,Weeds,Week 4
Research Data Set each week\Week 4\Weeds\IMG_20241116_094712.jpg,Weeds,Week 4
Research Data Set each week\Week 4\Weeds\IMG_20241116_094720.jpg,Weeds,Week 4
Research Data Set each week\Week 4\Weeds\IMG_20241116_094801.jpg,Weeds,Week 4
Research Data Set each week\Week 4\Weeds\IMG_20241116_094828.jpg,Weeds,Week 4
Research Data Set each week\Week 4\Weeds\IMG_20241116_094843.jpg,Weeds,Week 4
Research Data Set each week\Week 4\Weeds\IMG_20241116_094909.jpg,Weeds,Week 4
Research Data Set each week\Week 4\Weeds\IMG_20241116_094916.jpg,Weeds,Week 4
Research Data Set each week\Week 4\Weeds\IMG_20241116_094923.jpg,Weeds,Week 4
Research Data Set each week\Week 4\Weeds\IMG_20241116_094956.jpg,Weeds,Week 4
Research Data Set each week\Week 4\Weeds\IMG_20241116_095005.jpg,Weeds,Week 4
Research Data Set each week\Week 4\Weeds\IMG_20241116_095016.jpg,Weeds,Week 4
Research Data Set each week\Week 4\Weeds\IMG_20241116_095100.jpg,Weeds,Week 4
Research Data Set each week\Week 4\Weeds\IMG_20241116_095105.jpg,Weeds,Week 4
Research Data Set each week\Week 4\Weeds\IMG_20241116_095213.jpg,Weeds,Week 4
Research Data Set each week\Week 4\Weeds\IMG_20241116_095222.jpg,Weeds,Week 4
Research Data Set each week\Week 4\Weeds\IMG_20241116_095238.jpg,Weeds,Week 4
Research Data Set each week\Week 4\Weeds\IMG_20241116_095245.jpg,Weeds,Week 4
Research Data Set each week\Week 4\Weeds\IMG_20241116_095249.jpg,Weeds,Week 4
Research Data Set each week\Week 4\Weeds\IMG_20241116_095301.jpg,Weeds,Week 4
Research Data Set each week\Week 4\Weeds\IMG_20241116_095307.jpg,Weeds,Week 4
Research Data Set each week\Week 4\Weeds\IMG_20241116_095337.jpg,Weeds,Week 4
Research Data Set each week\Week 4\Weeds\IMG_20241116_095354.jpg,Weeds,Week 4
Research Data Set each week\Week 4\Weeds\IMG_20241116_095416.jpg,Weeds,Week 4
Research Data Set each week\Week 4\Weeds\IMG_20241116_095505.jpg,Weeds,Week 4
Research Data Set each week\Week 4\Weeds\IMG_20241116_095545.jpg,Weeds,Week 4
Research Data Set each week\Week 4\Weeds\IMG_20241116_095549.jpg,Weeds,Week 4
Research Data Set each week\Week 4\Weeds\IMG_20241116_095556.jpg,Weeds,Week 4
Research Data Set each week\Week 4\Weeds\IMG_20241116_095650.jpg,Weeds,Week 4
Research Data Set each week\Week 4\Weeds\IMG_20241116_095653.jpg,Weeds,Week 4
Research Data Set each week\Week 4\Weeds\IMG_20241116_095713.jpg,Weeds,Week 4
Research Data Set each week\Week 4\Weeds\IMG_20241116_095721.jpg,Weeds,Week 4
Research Data Set each week\Week 4\Weeds\IMG_20241116_095737.jpg,Weeds,Week 4
Research Data Set each week\Week 4\Weeds\IMG_20241116_095835.jpg,Weeds,Week 4
Research Data Set each week\Week 4\Weeds\IMG_20241116_095841.jpg,Weeds,Week 4
Research Data Set each week\Week 4\Weeds\IMG_20241116_095843.jpg,Weeds,Week 4
Research Data Set each week\Week 4\Weeds\IMG_20241116_095845.jpg,Weeds,Week 4
Research Data Set each week\Week 4\Weeds\IMG_20241116_095905.jpg,Weeds,Week 4
Research Data Set each week\Week 4\Weeds\IMG_20241116_100457.jpg,Weeds,Week 4
Research Data Set each week\Week 4\Weeds\IMG_20241116_100504.jpg,Weeds,Week 4
Research Data Set each week\Week 4\Weeds\IMG_20241116_100517.jpg,Weeds,Week 4
Research Data Set each week\Week 4\Weeds\IMG_20241116_100526.jpg,Weeds,Week 4
Research Data Set each week\Week 4\Weeds\IMG_20241116_100611.jpg,Weeds,Week 4
Research Data Set each week\Week 4\Weeds\IMG_20241116_100615.jpg,Weeds,Week 4
Research Data Set each week\Week 4\Weeds\IMG_20241116_100618.jpg,Weeds,Week 4
Research Data Set each week\Week 4\Weeds\IMG_20241116_100620.jpg,Weeds,Week 4
Research Data Set each week\Week 4\Weeds\IMG_20241116_100640.jpg,Weeds,Week 4
Research Data Set each week\Week 4\Weeds\IMG_20241116_100643.jpg,Weeds,Week 4
Research Data Set each week\Week 4\Weeds\IMG_20241116_100646.jpg,Weeds,Week 4
Research Data Set each week\Week 4\Weeds\IMG_20241116_100649.jpg,Weeds,Week 4
Research Data Set each week\Week 4\Weeds\IMG_20241116_100940.jpg,Weeds,Week 4
Research Data Set each week\Week 4\Weeds\IMG_20241116_100942.jpg,Weeds,Week 4
Research Data Set each week\Week 4\Weeds\IMG_20241116_100956.jpg,Weeds,Week 4
Research Data Set each week\Week 4\Weeds\IMG_20241116_101009.jpg,Weeds,Week 4
Research Data Set each week\Week 4\Weeds\IMG_20241116_101012.jpg,Weeds,Week 4
Research Data Set each week\Week 4\Weeds\IMG_20241116_101015.jpg,Weeds,Week 4
Research Data Set each week\Week 4\Weeds\IMG_20241116_101017.jpg,Weeds,Week 4
Research Data Set each week\Week 4\Weeds\IMG_20241116_101031.jpg,Weeds,Week 4
Research Data Set each week\Week 4\Weeds\IMG_20241116_101044.jpg,Weeds,Week 4
Research Data Set each week\Week 4\Weeds\IMG_20241116_101134.jpg,Weeds,Week 4
Research Data Set each week\Week 4\Weeds\IMG_20241116_101252.jpg,Weeds,Week 4
Research Data Set each week\Week 4\Weeds\IMG_20241116_101346.jpg,Weeds,Week 4
Research Data Set each week\Week 4\Weeds\IMG_20241116_101659.jpg,Weeds,Week 4
Research Data Set each week\Week 4\Weeds\IMG_20241116_101701.jpg,Weeds,Week 4
Research Data Set each week\Week 4\Weeds\IMG_20241116_101705.jpg,Weeds,Week 4
Research Data Set each week\Week 4\Weeds\IMG_20241116_101707.jpg,Weeds,Week 4
Research Data Set each week\Week 4\Weeds\IMG_20241116_101709.jpg,Weeds,Week 4
Research Data Set each week\Week 4\Weeds\IMG_20241123_092348.jpg,Weeds,Week 4
Research Data Set each week\Week 4\Weeds\IMG_20241123_092455.jpg,Weeds,Week 4
Research Data Set each week\Week 4\Weeds\IMG_20241123_092455_173.jpg,Weeds,Week 4
Research Data Set each week\Week 4\Weeds\IMG_20241123_092503.jpg,Weeds,Week 4
Research Data Set each week\Week 4\Weeds\IMG_20241123_092511_734.jpg,Weeds,Week 4
Research Data Set each week\Week 4\Weeds\IMG_20241123_092530.jpg,Weeds,Week 4
Research Data Set each week\Week 4\Weeds\IMG_20241123_092534.jpg,Weeds,Week 4
Research Data Set each week\Week 4\Weeds\IMG_20241123_092536.jpg,Weeds,Week 4
Research Data Set each week\Week 4\Weeds\IMG_20241123_092543_455.jpg,Weeds,Week 4
Research Data Set each week\Week 4\Weeds\IMG_20241123_092554.jpg,Weeds,Week 4
Research Data Set each week\Week 4\Weeds\IMG_20241123_092601.jpg,Weeds,Week 4
Research Data Set each week\Week 4\Weeds\IMG_20241123_092622.jpg,Weeds,Week 4
Research Data Set each week\Week 4\Weeds\IMG_20241123_092623_172.jpg,Weeds,Week 4
Research Data Set each week\Week 4\Weeds\IMG_20241123_092624.jpg,Weeds,Week 4
Research Data Set each week\Week 4\Weeds\IMG_20241123_092625.jpg,Weeds,Week 4
Research Data Set each week\Week 4\Weeds\IMG_20241123_092628.jpg,Weeds,Week 4
Research Data Set each week\Week 4\Weeds\IMG_20241123_092634.jpg,Weeds,Week 4
Research Data Set each week\Week 4\Weeds\IMG_20241123_092639.jpg,Weeds,Week 4
Research Data Set each week\Week 4\Weeds\IMG_20241123_092642_432.jpg,Weeds,Week 4
Research Data Set each week\Week 4\Weeds\IMG_20241123_092643.jpg,Weeds,Week 4
Research Data Set each week\Week 4\Weeds\IMG_20241123_092648.jpg,Weeds,Week 4
Research Data Set each week\Week 4\Weeds\IMG_20241123_092705_618.jpg,Weeds,Week 4
Research Data Set each week\Week 4\Weeds\IMG_20241123_092709.jpg,Weeds,Week 4
Research Data Set each week\Week 4\Weeds\IMG_20241123_092712.jpg,Weeds,Week 4
Research Data Set each week\Week 4\Weeds\IMG_20241123_092712_025.jpg,Weeds,Week 4
Research Data Set each week\Week 4\Weeds\IMG_20241123_092732.jpg,Weeds,Week 4
Research Data Set each week\Week 4\Weeds\IMG_20241123_092736.jpg,Weeds,Week 4
Research Data Set each week\Week 4\Weeds\IMG_20241123_092738.jpg,Weeds,Week 4
Research Data Set each week\Week 4\Weeds\IMG_20241123_092810.jpg,Weeds,Week 4
Research Data Set each week\Week 4\Weeds\IMG_20241123_092813_143.jpg,Weeds,Week 4
Research Data Set each week\Week 4\Weeds\IMG_20241123_092823.jpg,Weeds,Week 4
Research Data Set each week\Week 4\Weeds\IMG_20241123_092826.jpg,Weeds,Week 4
Research Data Set each week\Week 4\Weeds\IMG_20241123_092844.jpg,Weeds,Week 4
Research Data Set each week\Week 4\Weeds\IMG_20241123_092847_971.jpg,Weeds,Week 4
Research Data Set each week\Week 4\Weeds\IMG_20241123_092908_866.jpg,Weeds,Week 4
Research Data Set each week\Week 4\Weeds\IMG_20241123_092920_145.jpg,Weeds,Week 4
Research Data Set each week\Week 4\Weeds\IMG_20241123_093045_458.jpg,Weeds,Week 4
Research Data Set each week\Week 4\Weeds\IMG_20241123_093048.jpg,Weeds,Week 4
Research Data Set each week\Week 4\Weeds\IMG_20241123_093055.jpg,Weeds,Week 4
Research Data Set each week\Week 4\Weeds\IMG_20241123_093103.jpg,Weeds,Week 4
Research Data Set each week\Week 4\Weeds\IMG_20241123_093109_157.jpg,Weeds,Week 4
Research Data Set each week\Week 4\Weeds\IMG_20241123_093110.jpg,Weeds,Week 4
Research Data Set each week\Week 4\Weeds\IMG_20241123_093126.jpg,Weeds,Week 4
Research Data Set each week\Week 4\Weeds\IMG_20241123_093142_580.jpg,Weeds,Week 4
Research Data Set each week\Week 4\Weeds\IMG_20241123_093143.jpg,Weeds,Week 4
Research Data Set each week\Week 4\Weeds\IMG_20241123_093212_460.jpg,Weeds,Week 4
Research Data Set each week\Week 4\Weeds\IMG_20241123_093235.jpg,Weeds,Week 4
Research Data Set each week\Week 4\Weeds\IMG_20241123_093253_090.jpg,Weeds,Week 4
Research Data Set each week\Week 4\Weeds\IMG_20241123_093311_884.jpg,Weeds,Week 4
Research Data Set each week\Week 4\Weeds\IMG_20241123_093319_156.jpg,Weeds,Week 4
Research Data Set each week\Week 4\Weeds\IMG_20241123_093323.jpg,Weeds,Week 4
Research Data Set each week\Week 4\Weeds\IMG_20241123_093327.jpg,Weeds,Week 4
Research Data Set each week\Week 4\Weeds\IMG_20241123_093336.jpg,Weeds,Week 4
Research Data Set each week\Week 4\Weeds\IMG_20241123_093347.jpg,Weeds,Week 4
Research Data Set each week\Week 4\Weeds\IMG_20241123_093357_825.jpg,Weeds,Week 4
Research Data Set each week\Week 4\Weeds\IMG_20241123_093418.jpg,Weeds,Week 4
Research Data Set each week\Week 4\Weeds\IMG_20241123_093447.jpg,Weeds,Week 4
Research Data Set each week\Week 4\Weeds\IMG_20241123_093455_088.jpg,Weeds,Week 4
Research Data Set each week\Week 4\Weeds\IMG_20241123_093508.jpg,Weeds,Week 4
Research Data Set each week\Week 4\Weeds\IMG_20241123_093515.jpg,Weeds,Week 4
Research Data Set each week\Week 4\Weeds\IMG_20241123_093521.jpg,Weeds,Week 4
Research Data Set each week\Week 4\Weeds\IMG_20241123_093523.jpg,Weeds,Week 4
Research Data Set each week\Week 4\Weeds\IMG_20241123_093524.jpg,Weeds,Week 4
Research Data Set each week\Week 4\Weeds\IMG_20241123_093531_189.jpg,Weeds,Week 4
Research Data Set each week\Week 4\Weeds\IMG_20241123_093532_951.jpg,Weeds,Week 4
Research Data Set each week\Week 4\Weeds\IMG_20241123_093551.jpg,Weeds,Week 4
Research Data Set each week\Week 4\Weeds\IMG_20241123_093600_373.jpg,Weeds,Week 4
Research Data Set each week\Week 4\Weeds\IMG_20241123_093601.jpg,Weeds,Week 4
Research Data Set each week\Week 4\Weeds\IMG_20241123_093647_717.jpg,Weeds,Week 4
Research Data Set each week\Week 4\Weeds\IMG_20241123_093707.jpg,Weeds,Week 4
Research Data Set each week\Week 4\Weeds\IMG_20241123_093754.jpg,Weeds,Week 4
Research Data Set each week\Week 4\Weeds\IMG_20241123_093815_787.jpg,Weeds,Week 4
Research Data Set each week\Week 4\Weeds\IMG_20241123_093913.jpg,Weeds,Week 4
Research Data Set each week\Week 4\Weeds\IMG_20241123_093934_773.jpg,Weeds,Week 4
Research Data Set each week\Week 4\Weeds\IMG_20241123_093950.jpg,Weeds,Week 4
Research Data Set each week\Week 4\Weeds\IMG_20241123_093953.jpg,Weeds,Week 4
Research Data Set each week\Week 4\Weeds\IMG_20241123_093958.jpg,Weeds,Week 4
Research Data Set each week\Week 4\Weeds\IMG_20241123_094001.jpg,Weeds,Week 4
Research Data Set each week\Week 4\Weeds\IMG_20241123_094018_525.jpg,Weeds,Week 4
Research Data Set each week\Week 4\Weeds\IMG_20241123_094035.jpg,Weeds,Week 4
Research Data Set each week\Week 4\Weeds\IMG_20241123_094042.jpg,Weeds,Week 4
Research Data Set each week\Week 4\Weeds\IMG_20241123_094055_249.jpg,Weeds,Week 4
Research Data Set each week\Week 4\Weeds\IMG_20241123_094116.jpg,Weeds,Week 4
Research Data Set each week\Week 4\Weeds\IMG_20241123_094117_735.jpg,Weeds,Week 4
Research Data Set each week\Week 4\Weeds\IMG_20241123_094132.jpg,Weeds,Week 4
Research Data Set each week\Week 4\Weeds\IMG_20241123_094158.jpg,Weeds,Week 4
Research Data Set each week\Week 4\Weeds\IMG_20241123_094203.jpg,Weeds,Week 4
Research Data Set each week\Week 4\Weeds\IMG_20241123_094244.jpg,Weeds,Week 4
Research Data Set each week\Week 4\Weeds\IMG_20241123_094253.jpg,Weeds,Week 4
Research Data Set each week\Week 4\Weeds\IMG_20241123_094308_154.jpg,Weeds,Week 4
Research Data Set each week\Week 4\Weeds\IMG_20241123_094318_649.jpg,Weeds,Week 4
Research Data Set each week\Week 4\Weeds\IMG_20241123_094321.jpg,Weeds,Week 4
Research Data Set each week\Week 4\Weeds\IMG_20241123_094340.jpg,Weeds,Week 4
Research Data Set each week\Week 4\Weeds\IMG_20241123_094341_025.jpg,Weeds,Week 4
Research Data Set each week\Week 4\Weeds\IMG_20241123_094421.jpg,Weeds,Week 4
Research Data Set each week\Week 4\Weeds\IMG_20241123_094431_965.jpg,Weeds,Week 4
Research Data Set each week\Week 4\Weeds\IMG_20241123_094436.jpg,Weeds,Week 4
Research Data Set each week\Week 4\Weeds\IMG_20241123_094452.jpg,Weeds,Week 4
Research Data Set each week\Week 4\Weeds\IMG_20241123_094503.jpg,Weeds,Week 4
Research Data Set each week\Week 4\Weeds\IMG_20241123_094503_439.jpg,Weeds,Week 4
Research Data Set each week\Week 4\Weeds\IMG_20241123_094527_325.jpg,Weeds,Week 4
Research Data Set each week\Week 4\Weeds\IMG_20241123_094534.jpg,Weeds,Week 4
Research Data Set each week\Week 4\Weeds\IMG_20241123_094536.jpg,Weeds,Week 4
Research Data Set each week\Week 4\Weeds\IMG_20241123_094539.jpg,Weeds,Week 4
Research Data Set each week\Week 4\Weeds\IMG_20241123_094543.jpg,Weeds,Week 4
Research Data Set each week\Week 4\Weeds\IMG_20241123_094600.jpg,Weeds,Week 4
Research Data Set each week\Week 4\Weeds\IMG_20241123_094606_745.jpg,Weeds,Week 4
Research Data Set each week\Week 4\Weeds\IMG_20241123_094608.jpg,Weeds,Week 4
Research Data Set each week\Week 4\Weeds\IMG_20241123_094613.jpg,Weeds,Week 4
Research Data Set each week\Week 4\Weeds\IMG_20241123_094620.jpg,Weeds,Week 4
Research Data Set each week\Week 4\Weeds\IMG_20241123_094622.jpg,Weeds,Week 4
Research Data Set each week\Week 4\Weeds\IMG_20241123_094624.jpg,Weeds,Week 4
Research Data Set each week\Week 4\Weeds\IMG_20241123_094637_611.jpg,Weeds,Week 4
Research Data Set each week\Week 4\Weeds\IMG_20241123_094659.jpg,Weeds,Week 4
Research Data Set each week\Week 4\Weeds\IMG_20241123_094701_068.jpg,Weeds,Week 4
Research Data Set each week\Week 4\Weeds\IMG_20241123_094714_699.jpg,Weeds,Week 4
Research Data Set each week\Week 4\Weeds\IMG_20241123_094803.jpg,Weeds,Week 4
Research Data Set each week\Week 4\Weeds\IMG_20241123_094833.jpg,Weeds,Week 4
Research Data Set each week\Week 4\Weeds\IMG_20241123_094836.jpg,Weeds,Week 4
Research Data Set each week\Week 4\Weeds\IMG_20241123_094846.jpg,Weeds,Week 4
Research Data Set each week\Week 4\Weeds\IMG_20241123_094901_286.jpg,Weeds,Week 4
Research Data Set each week\Week 4\Weeds\IMG_20241123_094917.jpg,Weeds,Week 4
Research Data Set each week\Week 4\Weeds\IMG_20241123_094919.jpg,Weeds,Week 4
Research Data Set each week\Week 4\Weeds\IMG_20241123_094921.jpg,Weeds,Week 4
Research Data Set each week\Week 4\Weeds\IMG_20241123_094946_093.jpg,Weeds,Week 4
Research Data Set each week\Week 4\Weeds\IMG_20241123_095004.jpg,Weeds,Week 4
Research Data Set each week\Week 4\Weeds\IMG_20241123_095006.jpg,Weeds,Week 4
Research Data Set each week\Week 4\Weeds\IMG_20241123_095017.jpg,Weeds,Week 4
Research Data Set each week\Week 4\Weeds\IMG_20241123_095348.jpg,Weeds,Week 4
Research Data Set each week\Week 4\Weeds\IMG_20241123_095355.jpg,Weeds,Week 4
Research Data Set each week\Week 4\Weeds\IMG_20241123_095401_779.jpg,Weeds,Week 4
Research Data Set each week\Week 4\Weeds\IMG_20241123_095444_096.jpg,Weeds,Week 4
Research Data Set each week\Week 4\Weeds\IMG_20241123_095515_343.jpg,Weeds,Week 4
Research Data Set each week\Week 4\Weeds\IMG_20241123_095736_079.jpg,Weeds,Week 4
Research Data Set each week\Week 4\Weeds\IMG_20241123_095736_586.jpg,Weeds,Week 4
Research Data Set each week\Week 4\Weeds\IMG_20241123_095738_475.jpg,Weeds,Week 4
Research Data Set each week\Week 4\Weeds\IMG_20241123_095743_362.jpg,Weeds,Week 4
Research Data Set each week\Week 4\Weeds\IMG_20241123_095744_327.jpg,Weeds,Week 4
Research Data Set each week\Week 4\Weeds\IMG_20241123_095750.jpg,Weeds,Week 4
Research Data Set each week\Week 4\Weeds\IMG_20241123_095754.jpg,Weeds,Week 4
Research Data Set each week\Week 4\Weeds\IMG_20241123_095756.jpg,Weeds,Week 4
Research Data Set each week\Week 4\Weeds\IMG_20241123_095841.jpg,Weeds,Week 4
Research Data Set each week\Week 4\Weeds\IMG_20241123_095849.jpg,Weeds,Week 4
Research Data Set each week\Week 4\Weeds\IMG_20241123_095852_361.jpg,Weeds,Week 4
Research Data Set each week\Week 4\Weeds\IMG_20241123_095856.jpg,Weeds,Week 4
Research Data Set each week\Week 4\Weeds\IMG_20241123_095856_360.jpg,Weeds,Week 4
Research Data Set each week\Week 4\Weeds\IMG_20241123_095859.jpg,Weeds,Week 4
Research Data Set each week\Week 4\Weeds\IMG_20241123_095903.jpg,Weeds,Week 4
Research Data Set each week\Week 4\Weeds\IMG_20241123_095905.jpg,Weeds,Week 4
Research Data Set each week\Week 4\Weeds\IMG_20241123_095908.jpg,Weeds,Week 4
Research Data Set each week\Week 4\Weeds\IMG_20241123_095911.jpg,Weeds,Week 4
Research Data Set each week\Week 4\Weeds\IMG_20241123_095928.jpg,Weeds,Week 4
Research Data Set each week\Week 4\Weeds\IMG_20241123_095935.jpg,Weeds,Week 4
Research Data Set each week\Week 4\Weeds\IMG_20241123_100034.jpg,Weeds,Week 4
Research Data Set each week\Week 4\Weeds\IMG_20241123_100038.jpg,Weeds,Week 4
Research Data Set each week\Week 4\Weeds\IMG_20241123_100038_669.jpg,Weeds,Week 4
Research Data Set each week\Week 4\Weeds\IMG_20241123_100043.jpg,Weeds,Week 4
Research Data Set each week\Week 4\Weeds\IMG_20241123_100046.jpg,Weeds,Week 4
Research Data Set each week\Week 4\Weeds\IMG_20241123_100056.jpg,Weeds,Week 4
Research Data Set each week\Week 4\Weeds\IMG_20241123_100058.jpg,Weeds,Week 4
Research Data Set each week\Week 4\Weeds\IMG_20241123_100106_778.jpg,Weeds,Week 4
Research Data Set each week\Week 4\Weeds\IMG_20241123_100108_036.jpg,Weeds,Week 4
Research Data Set each week\Week 4\Weeds\IMG_20241123_100143.jpg,Weeds,Week 4
Research Data Set each week\Week 4\Weeds\IMG_20241123_100159_630.jpg,Weeds,Week 4
Research Data Set each week\Week 4\Weeds\IMG_20241123_100209.jpg,Weeds,Week 4
Research Data Set each week\Week 4\Weeds\IMG_20241123_100224_882.jpg,Weeds,Week 4
Research Data Set each week\Week 4\Weeds\IMG_20241123_100237_018.jpg,Weeds,Week 4
Research Data Set each week\Week 4\Weeds\IMG_20241123_100242.jpg,Weeds,Week 4
Research Data Set each week\Week 4\Weeds\IMG_20241123_100329_680.jpg,Weeds,Week 4
Research Data Set each week\Week 4\Weeds\IMG_20241123_100330_401.jpg,Weeds,Week 4
Research Data Set each week\Week 4\Weeds\IMG_20241123_100337.jpg,Weeds,Week 4
Research Data Set each week\Week 4\Weeds\IMG_20241123_100400.jpg,Weeds,Week 4
Research Data Set each week\Week 4\Weeds\IMG_20241123_100404.jpg,Weeds,Week 4
Research Data Set each week\Week 4\Weeds\IMG_20241123_100407.jpg,Weeds,Week 4
Research Data Set each week\Week 4\Weeds\IMG_20241123_100409.jpg,Weeds,Week 4
Research Data Set each week\Week 4\Weeds\IMG_20241123_100410.jpg,Weeds,Week 4
Research Data Set each week\Week 4\Weeds\IMG_20241123_100412.jpg,Weeds,Week 4
Research Data Set each week\Week 4\Weeds\IMG_20241123_100418.jpg,Weeds,Week 4
Research Data Set each week\Week 4\Weeds\IMG_20241123_100421_969.jpg,Weeds,Week 4
Research Data Set each week\Week 4\Weeds\IMG_20241123_100423.jpg,Weeds,Week 4
Research Data Set each week\Week 4\Weeds\IMG_20241123_100436.jpg,Weeds,Week 4
Research Data Set each week\Week 4\Weeds\IMG_20241123_100451.jpg,Weeds,Week 4
Research Data Set each week\Week 4\Weeds\IMG_20241123_100454.jpg,Weeds,Week 4
Research Data Set each week\Week 4\Weeds\IMG_20241123_100459.jpg,Weeds,Week 4
Research Data Set each week\Week 4\Weeds\IMG_20241123_100500_930.jpg,Weeds,Week 4
Research Data Set each week\Week 4\Weeds\IMG_20241123_100501.jpg,Weeds,Week 4
Research Data Set each week\Week 4\Weeds\IMG_20241123_100502.jpg,Weeds,Week 4
Research Data Set each week\Week 4\Weeds\IMG_20241123_100558.jpg,Weeds,Week 4
Research Data Set each week\Week 4\Weeds\IMG_20241123_100615.jpg,Weeds,Week 4
Research Data Set each week\Week 4\Weeds\IMG_20241123_100636_811.jpg,Weeds,Week 4
Research Data Set each week\Week 4\Weeds\IMG_20241123_100637_237.jpg,Weeds,Week 4
Research Data Set each week\Week 4\Weeds\IMG_20241123_100704.jpg,Weeds,Week 4
Research Data Set each week\Week 4\Weeds\IMG_20241123_100705.jpg,Weeds,Week 4
Research Data Set each week\Week 4\Weeds\IMG_20241123_100709.jpg,Weeds,Week 4
Research Data Set each week\Week 4\Weeds\IMG_20241123_100715.jpg,Weeds,Week 4
Research Data Set each week\Week 4\Weeds\IMG_20241123_100751.jpg,Weeds,Week 4
Research Data Set each week\Week 4\Weeds\IMG_20241123_100755.jpg,Weeds,Week 4
Research Data Set each week\Week 4\Weeds\IMG_20241123_100829.jpg,Weeds,Week 4
Research Data Set each week\Week 4\Weeds\IMG_20241123_100831.jpg,Weeds,Week 4
Research Data Set each week\Week 4\Weeds\IMG_20241123_100836.jpg,Weeds,Week 4
Research Data Set each week\Week 4\Weeds\IMG_20241123_100850_334.jpg,Weeds,Week 4
Research Data Set each week\Week 4\Weeds\IMG_20241123_100929.jpg,Weeds,Week 4
Research Data Set each week\Week 4\Weeds\IMG_20241123_100930_065.jpg,Weeds,Week 4
Research Data Set each week\Week 4\Weeds\IMG_20241123_100931_852.jpg,Weeds,Week 4
Research Data Set each week\Week 4\Weeds\IMG_20241123_100932.jpg,Weeds,Week 4
Research Data Set each week\Week 4\Weeds\IMG_20241123_100934.jpg,Weeds,Week 4
Research Data Set each week\Week 4\Weeds\IMG_20241123_100935.jpg,Weeds,Week 4
Research Data Set each week\Week 4\Weeds\IMG_20241123_100936.jpg,Weeds,Week 4
Research Data Set each week\Week 4\Weeds\IMG_20241123_100938.jpg,Weeds,Week 4
Research Data Set each week\Week 4\Weeds\IMG_20241123_100940_968.jpg,Weeds,Week 4
Research Data Set each week\Week 4\Weeds\IMG_20241123_100941.jpg,Weeds,Week 4
Research Data Set each week\Week 4\Weeds\IMG_20241123_100942_854.jpg,Weeds,Week 4
Research Data Set each week\Week 4\Weeds\IMG_20241123_100946.jpg,Weeds,Week 4
Research Data Set each week\Week 4\Weeds\IMG_20241123_100950.jpg,Weeds,Week 4
Research Data Set each week\Week 4\Weeds\IMG_20241123_100954.jpg,Weeds,Week 4
Research Data Set each week\Week 4\Weeds\IMG_20241123_101005.jpg,Weeds,Week 4
Research Data Set each week\Week 4\Weeds\IMG_20241123_101010.jpg,Weeds,Week 4
Research Data Set each week\Week 4\Weeds\IMG_20241123_101200_269.jpg,Weeds,Week 4
Research Data Set each week\Week 4\Weeds\IMG_20241123_101200_869.jpg,Weeds,Week 4
Research Data Set each week\Week 4\Weeds\IMG_20241123_101201_517.jpg,Weeds,Week 4
Research Data Set each week\Week 4\Weeds\IMG_20241123_101210_785.jpg,Weeds,Week 4
Research Data Set each week\Week 4\Weeds\IMG_20241123_101211_289.jpg,Weeds,Week 4
Research Data Set each week\Week 4\Weeds\IMG_20241123_101213_358.jpg,Weeds,Week 4
Research Data Set each week\Week 4\Weeds\IMG_20241123_101215_184.jpg,Weeds,Week 4
Research Data Set each week\Week 4\Weeds\IMG_20241123_101220.jpg,Weeds,Week 4
Research Data Set each week\Week 4\Weeds\IMG_20241123_101225.jpg,Weeds,Week 4
Research Data Set each week\Week 4\Weeds\IMG_20241123_101228.jpg,Weeds,Week 4
Research Data Set each week\Week 4\Weeds\IMG_20241123_101230.jpg,Weeds,Week 4
Research Data Set each week\Week 4\Weeds\IMG_20241123_101231_566.jpg,Weeds,Week 4
Research Data Set each week\Week 4\Weeds\IMG_20241123_101232.jpg,Weeds,Week 4
Research Data Set each week\Week 4\Weeds\IMG_20241123_101232_988.jpg,Weeds,Week 4
Research Data Set each week\Week 4\Weeds\IMG_20241123_101233.jpg,Weeds,Week 4
Research Data Set each week\Week 4\Weeds\IMG_20241123_101234.jpg,Weeds,Week 4
Research Data Set each week\Week 4\Weeds\IMG_20241123_101235.jpg,Weeds,Week 4
Research Data Set each week\Week 4\Weeds\IMG_20241123_101236.jpg,Weeds,Week 4
Research Data Set each week\Week 4\Weeds\IMG_20241123_101238.jpg,Weeds,Week 4
Research Data Set each week\Week 4\Weeds\IMG_20241123_101239.jpg,Weeds,Week 4
Research Data Set each week\Week 4\Weeds\IMG_20241123_101243.jpg,Weeds,Week 4
Research Data Set each week\Week 4\Weeds\IMG_20241123_101245.jpg,Weeds,Week 4
Research Data Set each week\Week 4\Weeds\IMG_20241123_101259.jpg,Weeds,Week 4
Research Data Set each week\Week 4\Weeds\IMG_20241123_101301.jpg,Weeds,Week 4
Research Data Set each week\Week 4\Weeds\IMG_20241123_101402.jpg,Weeds,Week 4
Research Data Set each week\Week 4\Weeds\IMG_20241123_101403.jpg,Weeds,Week 4
Research Data Set each week\Week 4\Weeds\IMG_20241123_101405.jpg,Weeds,Week 4
Research Data Set each week\Week 4\Weeds\IMG_20241123_101415.jpg,Weeds,Week 4
Research Data Set each week\Week 4\Weeds\IMG_20241123_101416.jpg,Weeds,Week 4
Research Data Set each week\Week 4\Weeds\IMG_20241123_101419.jpg,Weeds,Week 4
Research Data Set each week\Week 4\Weeds\IMG_20241123_101422.jpg,Weeds,Week 4
Research Data Set each week\Week 4\Weeds\IMG_20241123_101427.jpg,Weeds,Week 4
Research Data Set each week\Week 4\Weeds\IMG_20241123_101427_878.jpg,Weeds,Week 4
Research Data Set each week\Week 4\Weeds\IMG_20241123_101429_882.jpg,Weeds,Week 4
Research Data Set each week\Week 4\Weeds\IMG_20241123_101430_817.jpg,Weeds,Week 4
Research Data Set each week\Week 4\Weeds\IMG_20241123_101432.jpg,Weeds,Week 4
Research Data Set each week\Week 4\Weeds\IMG_20241123_101450.jpg,Weeds,Week 4
Research Data Set each week\Week 4\Weeds\IMG_20241123_101501.jpg,Weeds,Week 4
Research Data Set each week\Week 4\Weeds\IMG_20241123_101509_116.jpg,Weeds,Week 4
Research Data Set each week\Week 4\Weeds\IMG_20241123_101511_790.jpg,Weeds,Week 4
Research Data Set each week\Week 4\Weeds\IMG_20241123_101525.jpg,Weeds,Week 4
Research Data Set each week\Week 4\Weeds\IMG_20241123_101536.jpg,Weeds,Week 4
Research Data Set each week\Week 4\Weeds\IMG_20241123_101559.jpg,Weeds,Week 4
Research Data Set each week\Week 4\Weeds\IMG_20241123_101602.jpg,Weeds,Week 4
Research Data Set each week\Week 4\Weeds\IMG_20241123_101606.jpg,Weeds,Week 4
Research Data Set each week\Week 4\Weeds\IMG_20241123_101609.jpg,Weeds,Week 4
Research Data Set each week\Week 4\Weeds\IMG_20241123_101632_983.jpg,Weeds,Week 4
Research Data Set each week\Week 4\Weeds\IMG_20241123_101634_877.jpg,Weeds,Week 4
Research Data Set each week\Week 4\Weeds\IMG_20241123_101645_873.jpg,Weeds,Week 4
Research Data Set each week\Week 4\Weeds\IMG_20241123_101647_648.jpg,Weeds,Week 4
Research Data Set each week\Week 4\Weeds\IMG_20241123_101715.jpg,Weeds,Week 4
Research Data Set each week\Week 4\Weeds\IMG_20241123_101717.jpg,Weeds,Week 4
Research Data Set each week\Week 4\Weeds\IMG_20241123_101720.jpg,Weeds,Week 4
Research Data Set each week\Week 4\Weeds\IMG_20241123_101723.jpg,Weeds,Week 4
Research Data Set each week\Week 4\Weeds\IMG_20241123_101748.jpg,Weeds,Week 4
Research Data Set each week\Week 4\Weeds\IMG_20241123_101750.jpg,Weeds,Week 4
Research Data Set each week\Week 4\Weeds\IMG_20241123_101753.jpg,Weeds,Week 4
Research Data Set each week\Week 4\Weeds\IMG_20241123_101754.jpg,Weeds,Week 4
Research Data Set each week\Week 4\Weeds\IMG_20241123_101901.jpg,Weeds,Week 4
Research Data Set each week\Week 4\Weeds\IMG_20241123_101916.jpg,Weeds,Week 4
Research Data Set each week\Week 4\Weeds\IMG_20241123_101918.jpg,Weeds,Week 4
Research Data Set each week\Week 4\Weeds\IMG_20241123_101920.jpg,Weeds,Week 4
Research Data Set each week\Week 4\Weeds\IMG_20241123_101922.jpg,Weeds,Week 4
Research Data Set each week\Week 4\Weeds\IMG_20241123_101928_263.jpg,Weeds,Week 4
Research Data Set each week\Week 4\Weeds\IMG_20241123_101929_850.jpg,Weeds,Week 4
Research Data Set each week\Week 4\Weeds\IMG_20241123_101931_260.jpg,Weeds,Week 4
Research Data Set each week\Week 4\Weeds\IMG_20241123_101945.jpg,Weeds,Week 4
Research Data Set each week\Week 4\Weeds\IMG_20241123_101947.jpg,Weeds,Week 4
Research Data Set each week\Week 4\Weeds\IMG_20241123_101948.jpg,Weeds,Week 4
Research Data Set each week\Week 4\Weeds\IMG_20241123_101954.jpg,Weeds,Week 4
Research Data Set each week\Week 4\Weeds\IMG_20241123_102020.jpg,Weeds,Week 4
Research Data Set each week\Week 4\Weeds\IMG_20241123_102024.jpg,Weeds,Week 4
Research Data Set each week\Week 4\Weeds\IMG_20241123_102027.jpg,Weeds,Week 4
Research Data Set each week\Week 4\Weeds\IMG_20241123_102029.jpg,Weeds,Week 4
Research Data Set each week\Week 4\Weeds\IMG_20241123_102032.jpg,Weeds,Week 4
Research Data Set each week\Week 4\Weeds\IMG_20241123_102204.jpg,Weeds,Week 4
Research Data Set each week\Week 4\Weeds\IMG_20241123_102251_830.jpg,Weeds,Week 4
Research Data Set each week\Week 4\Weeds\IMG_20241123_102340.jpg,Weeds,Week 4
Research Data Set each week\Week 4\Weeds\IMG_20241123_102412.jpg,Weeds,Week 4
Research Data Set each week\Week 4\Weeds\IMG_20241123_102415.jpg,Weeds,Week 4
Research Data Set each week\Week 4\Weeds\IMG_20241123_102418.jpg,Weeds,Week 4
Research Data Set each week\Week 4\Weeds\IMG_20241123_102423_896.jpg,Weeds,Week 4
Research Data Set each week\Week 4\Weeds\IMG_20241123_102424_535.jpg,Weeds,Week 4
Research Data Set each week\Week 4\Weeds\IMG_20241123_102425_429.jpg,Weeds,Week 4
Research Data Set each week\Week 4\Weeds\IMG_20241123_102426.jpg,Weeds,Week 4
Research Data Set each week\Week 4\Weeds\IMG_20241123_102428_291.jpg,Weeds,Week 4
Research Data Set each week\Week 4\Weeds\IMG_20241123_102435_094.jpg,Weeds,Week 4
Research Data Set each week\Week 4\Weeds\IMG_20241123_102436.jpg,Weeds,Week 4
Research Data Set each week\Week 4\Weeds\IMG_20241123_102514.jpg,Weeds,Week 4
Research Data Set each week\Week 4\Weeds\IMG_20241123_102519.jpg,Weeds,Week 4
Research Data Set each week\Week 4\Weeds\IMG_20241123_102532.jpg,Weeds,Week 4
Research Data Set each week\Week 4\Weeds\IMG_20241123_102536.jpg,Weeds,Week 4
Research Data Set each week\Week 4\Weeds\IMG_20241123_102548_203.jpg,Weeds,Week 4
Research Data Set each week\Week 4\Weeds\IMG_20241123_102549_023.jpg,Weeds,Week 4
Research Data Set each week\Week 4\Weeds\IMG_20241123_102559.jpg,Weeds,Week 4
Research Data Set each week\Week 4\Weeds\IMG_20241123_102606.jpg,Weeds,Week 4
Research Data Set each week\Week 4\Weeds\IMG_20241123_102613.jpg,Weeds,Week 4
Research Data Set each week\Week 4\Weeds\IMG_20241123_102619.jpg,Weeds,Week 4
Research Data Set each week\Week 4\Weeds\IMG_20241123_102622_572.jpg,Weeds,Week 4
Research Data Set each week\Week 4\Weeds\IMG_20241123_102623_447.jpg,Weeds,Week 4
Research Data Set each week\Week 4\Weeds\IMG_20241123_102624_787.jpg,Weeds,Week 4
Research Data Set each week\Week 4\Weeds\IMG_20241123_102626.jpg,Weeds,Week 4
Research Data Set each week\Week 4\Weeds\IMG_20241123_102801.jpg,Weeds,Week 4
Research Data Set each week\Week 4\Weeds\IMG_20241123_102802_157.jpg,Weeds,Week 4
Research Data Set each week\Week 4\Weeds\IMG_20241123_102804.jpg,Weeds,Week 4
Research Data Set each week\Week 4\Weeds\IMG_20241123_102817_824.jpg,Weeds,Week 4
Research Data Set each week\Week 4\Weeds\IMG_20241123_102818_647.jpg,Weeds,Week 4
Research Data Set each week\Week 4\Weeds\IMG_20241123_102826_888.jpg,Weeds,Week 4
Research Data Set each week\Week 4\Weeds\IMG_20241123_102827_812.jpg,Weeds,Week 4
Research Data Set each week\Week 4\Weeds\IMG_20241123_102902.jpg,Weeds,Week 4
Research Data Set each week\Week 4\Weeds\IMG_20241123_102907.jpg,Weeds,Week 4
Research Data Set each week\Week 4\Weeds\IMG_20241123_102911.jpg,Weeds,Week 4
Research Data Set each week\Week 4\Weeds\IMG_20241123_102930.jpg,Weeds,Week 4
Research Data Set each week\Week 4\Weeds\IMG_20241123_102959.jpg,Weeds,Week 4
Research Data Set each week\Week 4\Weeds\IMG_20241123_103001.jpg,Weeds,Week 4
Research Data Set each week\Week 4\Weeds\IMG_20241123_103003.jpg,Weeds,Week 4
Research Data Set each week\Week 4\Weeds\IMG_20241123_103006_071.jpg,Weeds,Week 4
Research Data Set each week\Week 4\Weeds\IMG_20241123_103011.jpg,Weeds,Week 4
Research Data Set each week\Week 4\Weeds\IMG_20241123_103024.jpg,Weeds,Week 4
Research Data Set each week\Week 4\Weeds\IMG_20241123_103038.jpg,Weeds,Week 4
Research Data Set each week\Week 4\Weeds\IMG_20241123_103041.jpg,Weeds,Week 4
Research Data Set each week\Week 4\Weeds\IMG_20241123_103043.jpg,Weeds,Week 4
Research Data Set each week\Week 4\Weeds\IMG_20241123_103045.jpg,Weeds,Week 4
Research Data Set each week\Week 4\Weeds\IMG_20241123_103047.jpg,Weeds,Week 4
Research Data Set each week\Week 4\Weeds\IMG_20241123_103049.jpg,Weeds,Week 4
Research Data Set each week\Week 4\Weeds\IMG_20241123_103050.jpg,Weeds,Week 4
Research Data Set each week\Week 4\Weeds\IMG_20241123_103052.jpg,Weeds,Week 4
Research Data Set each week\Week 4\Weeds\IMG_20241123_103053.jpg,Weeds,Week 4
Research Data Set each week\Week 4\Weeds\IMG_20241123_103119.jpg,Weeds,Week 4
Research Data Set each week\Week 4\Weeds\IMG_20241123_103122.jpg,Weeds,Week 4
Research Data Set each week\Week 4\Weeds\IMG_20241123_103124_348.jpg,Weeds,Week 4
Research Data Set each week\Week 4\Weeds\IMG_20241123_103136.jpg,Weeds,Week 4
Research Data Set each week\Week 4\Weeds\IMG_20241123_103138.jpg,Weeds,Week 4
Research Data Set each week\Week 4\Weeds\IMG_20241123_103141.jpg,Weeds,Week 4
Research Data Set each week\Week 4\Weeds\IMG_20241123_103202.jpg,Weeds,Week 4
Research Data Set each week\Week 4\Weeds\IMG_20241123_103203.jpg,Weeds,Week 4
Research Data Set each week\Week 4\Weeds\IMG_20241123_103205.jpg,Weeds,Week 4
Research Data Set each week\Week 4\Weeds\IMG_20241123_103206.jpg,Weeds,Week 4
Research Data Set each week\Week 4\Weeds\IMG_20241123_103209.jpg,Weeds,Week 4
Research Data Set each week\Week 4\Weeds\IMG_20241123_103221.jpg,Weeds,Week 4
Research Data Set each week\Week 4\Weeds\IMG_20241123_103227.jpg,Weeds,Week 4
Research Data Set each week\Week 4\Weeds\IMG_20241123_103233.jpg,Weeds,Week 4
Research Data Set each week\Week 4\Weeds\IMG_20241123_103248_522.jpg,Weeds,Week 4
Research Data Set each week\Week 4\Weeds\IMG_20241123_103250_875.jpg,Weeds,Week 4
Research Data Set each week\Week 4\Weeds\IMG_20241123_103256_958.jpg,Weeds,Week 4
Research Data Set each week\Week 4\Weeds\IMG_20241123_103301_349.jpg,Weeds,Week 4
Research Data Set each week\Week 4\Weeds\IMG_20241123_103306.jpg,Weeds,Week 4
Research Data Set each week\Week 4\Weeds\IMG_20241123_103306_338.jpg,Weeds,Week 4
Research Data Set each week\Week 4\Weeds\IMG_20241123_103307_724.jpg,Weeds,Week 4
Research Data Set each week\Week 4\Weeds\IMG_20241123_103311_723.jpg,Weeds,Week 4
Research Data Set each week\Week 4\Weeds\IMG_20241123_103312.jpg,Weeds,Week 4
Research Data Set each week\Week 4\Weeds\IMG_20241123_103313_108.jpg,Weeds,Week 4
Research Data Set each week\Week 4\Weeds\IMG_20241123_103314.jpg,Weeds,Week 4
Research Data Set each week\Week 4\Weeds\IMG_20241123_103317.jpg,Weeds,Week 4
Research Data Set each week\Week 4\Weeds\IMG_20241123_103330.jpg,Weeds,Week 4
Research Data Set each week\Week 4\Weeds\IMG_20241123_104316.jpg,Weeds,Week 4
Research Data Set each week\Week 4\Weeds\IMG_20241123_104318.jpg,Weeds,Week 4
Research Data Set each week\Week 4\Weeds\IMG_20241123_104320.jpg,Weeds,Week 4
Research Data Set each week\Week 4\Weeds\IMG_20241123_104322.jpg,Weeds,Week 4
Research Data Set each week\Week 4\Weeds\IMG_20241123_104324.jpg,Weeds,Week 4
Research Data Set each week\Week 4\Weeds\IMG_20241123_104327.jpg,Weeds,Week 4
Research Data Set each week\Week 4\Weeds\IMG_20241123_104329.jpg,Weeds,Week 4
Research Data Set each week\Week 4\Weeds\IMG_20241123_104331.jpg,Weeds,Week 4
Research Data Set each week\Week 4\Weeds\IMG_20241123_104358.jpg,Weeds,Week 4
Research Data Set each week\Week 4\Weeds\IMG_20241123_104423_856.jpg,Weeds,Week 4
Research Data Set each week\Week 4\Weeds\IMG_20241123_104425_021.jpg,Weeds,Week 4
Research Data Set each week\Week 4\Weeds\IMG_20241123_104426_037.jpg,Weeds,Week 4
Research Data Set each week\Week 4\Weeds\IMG_20241123_104427_831.jpg,Weeds,Week 4
Research Data Set each week\Week 4\Weeds\IMG_20241123_104432.jpg,Weeds,Week 4
Research Data Set each week\Week 4\Weeds\IMG_20241123_104436.jpg,Weeds,Week 4
Research Data Set each week\Week 4\Weeds\IMG_20241123_104450.jpg,Weeds,Week 4
Research Data Set each week\Week 4\Weeds\IMG_20241123_104454_717.jpg,Weeds,Week 4
Research Data Set each week\Week 4\Weeds\IMG_20241123_104456_635.jpg,Weeds,Week 4
Research Data Set each week\Week 4\Weeds\IMG_20241123_104457.jpg,Weeds,Week 4
Research Data Set each week\Week 4\Weeds\IMG_20241123_104500.jpg,Weeds,Week 4
Research Data Set each week\Week 4\Weeds\IMG_20241123_104501.jpg,Weeds,Week 4
Research Data Set each week\Week 4\Weeds\IMG_20241123_104505.jpg,Weeds,Week 4
Research Data Set each week\Week 4\Weeds\IMG_20241123_104506.jpg,Weeds,Week 4
Research Data Set each week\Week 4\Weeds\IMG_20241123_104510.jpg,Weeds,Week 4
Research Data Set each week\Week 4\Weeds\IMG_20241123_104604.jpg,Weeds,Week 4
Research Data Set each week\Week 4\Weeds\IMG_20241123_104614.jpg,Weeds,Week 4
Research Data Set each week\Week 4\Weeds\IMG_20241123_104615.jpg,Weeds,Week 4
Research Data Set each week\Week 4\Weeds\IMG_20241123_104619.jpg,Weeds,Week 4
Research Data Set each week\Week 4\Weeds\IMG_20241123_104621.jpg,Weeds,Week 4
Research Data Set each week\Week 4\Weeds\IMG_20241123_104623.jpg,Weeds,Week 4
Research Data Set each week\Week 4\Weeds\IMG_20241123_104625.jpg,Weeds,Week 4
Research Data Set each week\Week 4\Weeds\IMG_20241123_104627.jpg,Weeds,Week 4
Research Data Set each week\Week 4\Weeds\IMG_20241123_104630_942.jpg,Weeds,Week 4
Research Data Set each week\Week 4\Weeds\IMG_20241123_104632.jpg,Weeds,Week 4
Research Data Set each week\Week 4\Weeds\IMG_20241123_104656.jpg,Weeds,Week 4
Research Data Set each week\Week 4\Weeds\IMG_20241123_104702.jpg,Weeds,Week 4
Research Data Set each week\Week 4\Weeds\IMG_20241123_104704.jpg,Weeds,Week 4
Research Data Set each week\Week 4\Weeds\IMG_20241123_104708.jpg,Weeds,Week 4
Research Data Set each week\Week 4\Weeds\IMG_20241123_104711.jpg,Weeds,Week 4
Research Data Set each week\Week 4\Weeds\IMG_20241123_104713_181.jpg,Weeds,Week 4
Research Data Set each week\Week 4\Weeds\IMG_20241123_104717_535.jpg,Weeds,Week 4
Research Data Set each week\Week 4\Weeds\IMG_20241123_104719_203.jpg,Weeds,Week 4
Research Data Set each week\Week 4\Weeds\IMG_20241123_104738.jpg,Weeds,Week 4
Research Data Set each week\Week 4\Weeds\IMG_20241123_104739.jpg,Weeds,Week 4
Research Data Set each week\Week 4\Weeds\IMG_20241123_104740.jpg,Weeds,Week 4
Research Data Set each week\Week 4\Weeds\IMG_20241123_104742.jpg,Weeds,Week 4
Research Data Set each week\Week 4\Weeds\IMG_20241123_104743.jpg,Weeds,Week 4
Research Data Set each week\Week 4\Weeds\IMG_20241123_104744.jpg,Weeds,Week 4
Research Data Set each week\Week 4\Weeds\IMG_20241123_104745.jpg,Weeds,Week 4
Research Data Set each week\Week 4\Weeds\IMG_20241123_104746.jpg,Weeds,Week 4
Research Data Set each week\Week 4\Weeds\IMG_20241123_104747.jpg,Weeds,Week 4
Research Data Set each week\Week 4\Weeds\IMG_20241123_104748.jpg,Weeds,Week 4
Research Data Set each week\Week 4\Weeds\IMG_20241123_104749.jpg,Weeds,Week 4
Research Data Set each week\Week 4\Weeds\IMG_20241123_104751.jpg,Weeds,Week 4
Research Data Set each week\Week 4\Weeds\IMG_20241123_104752.jpg,Weeds,Week 4
Research Data Set each week\Week 4\Weeds\IMG_20241123_104753.jpg,Weeds,Week 4
Research Data Set each week\Week 4\Weeds\IMG_20241123_104754.jpg,Weeds,Week 4
Research Data Set each week\Week 4\Weeds\IMG_20241123_104756.jpg,Weeds,Week 4
Research Data Set each week\Week 4\Weeds\IMG_20241123_104758.jpg,Weeds,Week 4
Research Data Set each week\Week 4\Weeds\IMG_20241123_104800.jpg,Weeds,Week 4
Research Data Set each week\Week 4\Weeds\IMG_20241123_104804.jpg,Weeds,Week 4
Research Data Set each week\Week 4\Weeds\IMG_20241123_104806.jpg,Weeds,Week 4
Research Data Set each week\Week 4\Weeds\IMG_20241123_104807.jpg,Weeds,Week 4
Research Data Set each week\Week 4\Weeds\IMG_20241123_104810.jpg,Weeds,Week 4
Research Data Set each week\Week 4\Weeds\IMG_20241123_104812.jpg,Weeds,Week 4
Research Data Set each week\Week 4\Weeds\IMG_20241123_104814.jpg,Weeds,Week 4
Research Data Set each week\Week 4\Weeds\IMG_20241123_104817.jpg,Weeds,Week 4
Research Data Set each week\Week 4\Weeds\IMG_20241123_104819.jpg,Weeds,Week 4
Research Data Set each week\Week 4\Weeds\IMG_20241123_104836_624.jpg,Weeds,Week 4
Research Data Set each week\Week 4\Weeds\IMG_20241123_104838.jpg,Weeds,Week 4
Research Data Set each week\Week 4\Weeds\IMG_20241123_104839_288.jpg,Weeds,Week 4
Research Data Set each week\Week 4\Weeds\IMG_20241123_104841.jpg,Weeds,Week 4
Research Data Set each week\Week 4\Weeds\IMG_20241123_104855.jpg,Weeds,Week 4
Research Data Set each week\Week 4\Weeds\IMG_20241123_104856.jpg,Weeds,Week 4
Research Data Set each week\Week 4\Weeds\IMG_20241123_104856_909.jpg,Weeds,Week 4
Research Data Set each week\Week 4\Weeds\IMG_20241123_104858.jpg,Weeds,Week 4
Research Data Set each week\Week 4\Weeds\IMG_20241123_104858_239.jpg,Weeds,Week 4
Research Data Set each week\Week 4\Weeds\IMG_20241123_104859_096.jpg,Weeds,Week 4
Research Data Set each week\Week 4\Weeds\IMG_20241123_104900_353.jpg,Weeds,Week 4
Research Data Set each week\Week 4\Weeds\IMG_20241123_104901_156.jpg,Weeds,Week 4
Research Data Set each week\Week 4\Weeds\IMG_20241123_104901_779.jpg,Weeds,Week 4
Research Data Set each week\Week 4\Weeds\IMG_20241123_104921_488.jpg,Weeds,Week 4
Research Data Set each week\Week 4\Weeds\IMG_20241123_104923_288.jpg,Weeds,Week 4
Research Data Set each week\Week 4\Weeds\IMG_20241123_104924_821.jpg,Weeds,Week 4
Research Data Set each week\Week 4\Weeds\IMG_20241123_104926.jpg,Weeds,Week 4
Research Data Set each week\Week 4\Weeds\IMG_20241123_104929.jpg,Weeds,Week 4
Research Data Set each week\Week 4\Weeds\IMG_20241123_104931.jpg,Weeds,Week 4
Research Data Set each week\Week 4\Weeds\IMG_20241123_104937.jpg,Weeds,Week 4
Research Data Set each week\Week 4\Weeds\IMG_20241123_104940.jpg,Weeds,Week 4
Research Data Set each week\Week 4\Weeds\IMG_20241123_104941.jpg,Weeds,Week 4
Research Data Set each week\Week 4\Weeds\IMG_20241123_104944.jpg,Weeds,Week 4
Research Data Set each week\Week 4\Weeds\IMG_20241123_104956.jpg,Weeds,Week 4
Research Data Set each week\Week 4\Weeds\IMG_20241123_105001.jpg,Weeds,Week 4
Research Data Set each week\Week 4\Weeds\IMG_20241123_105003.jpg,Weeds,Week 4
Research Data Set each week\Week 4\Weeds\IMG_20241123_105004.jpg,Weeds,Week 4
Research Data Set each week\Week 4\Weeds\IMG_20241123_105006.jpg,Weeds,Week 4
Research Data Set each week\Week 4\Weeds\IMG_20241123_105052.jpg,Weeds,Week 4
Research Data Set each week\Week 4\Weeds\IMG_20241123_105055.jpg,Weeds,Week 4
Research Data Set each week\Week 4\Weeds\IMG_20241123_105057.jpg,Weeds,Week 4
Research Data Set each week\Week 4\Weeds\IMG_20241123_105100.jpg,Weeds,Week 4
Research Data Set each week\Week 4\Weeds\IMG_20241123_105102.jpg,Weeds,Week 4
Research Data Set each week\Week 4\Weeds\IMG_20241123_105206.jpg,Weeds,Week 4
Research Data Set each week\Week 4\Weeds\IMG_20241123_105211.jpg,Weeds,Week 4
Research Data Set each week\Week 4\Weeds\IMG_20241123_105216.jpg,Weeds,Week 4
Research Data Set each week\Week 4\Weeds\IMG_20241123_105223_713.jpg,Weeds,Week 4
Research Data Set each week\Week 4\Weeds\IMG_20241123_105225_358.jpg,Weeds,Week 4
Research Data Set each week\Week 4\Weeds\IMG_20241123_105227_566.jpg,Weeds,Week 4
Research Data Set each week\Week 4\Weeds\IMG_20241123_105232.jpg,Weeds,Week 4
Research Data Set each week\Week 4\Weeds\IMG_20241123_105234.jpg,Weeds,Week 4
Research Data Set each week\Week 4\Weeds\IMG_20241123_105244.jpg,Weeds,Week 4
Research Data Set each week\Week 4\Weeds\IMG_20241123_105248.jpg,Weeds,Week 4
Research Data Set each week\Week 4\Weeds\IMG_20241123_105251.jpg,Weeds,Week 4
Research Data Set each week\Week 4\Weeds\IMG_20241123_105253.jpg,Weeds,Week 4
Research Data Set each week\Week 4\Weeds\IMG_20241123_110014.jpg,Weeds,Week 4
Research Data Set each week\Week 4\Weeds\IMG_20241123_110033.jpg,Weeds,Week 4
Research Data Set each week\Week 4\Weeds\IMG_20241123_110039.jpg,Weeds,Week 4
Research Data Set each week\Week 4\Weeds\IMG_20241123_110040_724.jpg,Weeds,Week 4
Research Data Set each week\Week 4\Weeds\IMG_20241123_110043.jpg,Weeds,Week 4
Research Data Set each week\Week 4\Weeds\IMG_20241123_110045.jpg,Weeds,Week 4
Research Data Set each week\Week 4\Weeds\IMG_20241123_110102.jpg,Weeds,Week 4
Research Data Set each week\Week 4\Weeds\IMG_20241123_110104.jpg,Weeds,Week 4
Research Data Set each week\Week 4\Weeds\IMG_20241123_110105.jpg,Weeds,Week 4
Research Data Set each week\Week 4\Weeds\IMG_20241123_110108.jpg,Weeds,Week 4
Research Data Set each week\Week 4\Weeds\IMG_20241123_110120.jpg,Weeds,Week 4
Research Data Set each week\Week 4\Weeds\IMG_20241123_110122_507.jpg,Weeds,Week 4
Research Data Set each week\Week 4\Weeds\IMG_20241123_110123_925.jpg,Weeds,Week 4
Research Data Set each week\Week 4\Weeds\IMG_20241123_110124.jpg,Weeds,Week 4
Research Data Set each week\Week 4\Weeds\IMG_20241123_110125_264.jpg,Weeds,Week 4
Research Data Set each week\Week 4\Weeds\IMG_20241123_110127.jpg,Weeds,Week 4
Research Data Set each week\Week 4\Weeds\IMG_20241123_110127_516.jpg,Weeds,Week 4
Research Data Set each week\Week 4\Weeds\IMG_20241123_110128.jpg,Weeds,Week 4
Research Data Set each week\Week 4\Weeds\IMG_20241123_110130_232.jpg,Weeds,Week 4
Research Data Set each week\Week 4\Weeds\IMG_20241123_110131.jpg,Weeds,Week 4
Research Data Set each week\Week 4\Weeds\IMG_20241123_110133.jpg,Weeds,Week 4
Research Data Set each week\Week 4\Weeds\IMG_20241123_110137.jpg,Weeds,Week 4
Research Data Set each week\Week 4\Weeds\IMG_20241123_110148.jpg,Weeds,Week 4
Research Data Set each week\Week 4\Weeds\IMG_20241123_110155.jpg,Weeds,Week 4
Research Data Set each week\Week 4\Weeds\IMG_20241123_110158.jpg,Weeds,Week 4
Research Data Set each week\Week 4\Weeds\IMG_20241123_110203.jpg,Weeds,Week 4
Research Data Set each week\Week 4\Weeds\IMG_20241123_110214.jpg,Weeds,Week 4
Research Data Set each week\Week 4\Weeds\IMG_20241123_110217.jpg,Weeds,Week 4
Research Data Set each week\Week 4\Weeds\IMG_20241123_110222.jpg,Weeds,Week 4
Research Data Set each week\Week 4\Weeds\IMG_20241123_110226.jpg,Weeds,Week 4
Research Data Set each week\Week 4\Weeds\IMG_20241123_110230.jpg,Weeds,Week 4
Research Data Set each week\Week 4\Weeds\IMG_20241123_110234.jpg,Weeds,Week 4
Research Data Set each week\Week 4\Weeds\IMG_20241123_110237.jpg,Weeds,Week 4
Research Data Set each week\Week 4\Weeds\IMG_20241123_110244.jpg,Weeds,Week 4
Research Data Set each week\Week 4\Weeds\IMG_20241123_110252.jpg,Weeds,Week 4
Research Data Set each week\Week 4\Weeds\IMG_20241123_110254.jpg,Weeds,Week 4
Research Data Set each week\Week 4\Weeds\IMG_20241123_110256.jpg,Weeds,Week 4
Research Data Set each week\Week 4\Weeds\IMG_20241123_110307.jpg,Weeds,Week 4
Research Data Set each week\Week 4\Weeds\IMG_20241123_110312.jpg,Weeds,Week 4
Research Data Set each week\Week 4\Weeds\IMG_20241124_095207.jpg,Weeds,Week 4
Research Data Set each week\Week 4\Weeds\IMG_20241124_095210.jpg,Weeds,Week 4
Research Data Set each week\Week 4\Weeds\IMG_20241124_095214.jpg,Weeds,Week 4
Research Data Set each week\Week 4\Weeds\IMG_20241124_095218.jpg,Weeds,Week 4
Research Data Set each week\Week 4\Weeds\IMG_20241124_095221.jpg,Weeds,Week 4
Research Data Set each week\Week 4\Weeds\IMG_20241124_095224.jpg,Weeds,Week 4
Research Data Set each week\Week 4\Weeds\IMG_20241124_095228.jpg,Weeds,Week 4
Research Data Set each week\Week 4\Weeds\IMG_20241124_095230.jpg,Weeds,Week 4
Research Data Set each week\Week 4\Weeds\IMG_20241124_095233.jpg,Weeds,Week 4
Research Data Set each week\Week 4\Weeds\IMG_20241124_095235.jpg,Weeds,Week 4
Research Data Set each week\Week 4\Weeds\IMG_20241124_095240.jpg,Weeds,Week 4
Research Data Set each week\Week 4\Weeds\IMG_20241124_095350.jpg,Weeds,Week 4
Research Data Set each week\Week 4\Weeds\IMG_20241124_095352.jpg,Weeds,Week 4
Research Data Set each week\Week 4\Weeds\IMG_20241124_095354.jpg,Weeds,Week 4
Research Data Set each week\Week 4\Weeds\IMG_20241124_095357.jpg,Weeds,Week 4
Research Data Set each week\Week 4\Weeds\IMG_20241124_095359.jpg,Weeds,Week 4
Research Data Set each week\Week 4\Weeds\IMG_20241124_095401.jpg,Weeds,Week 4
Research Data Set each week\Week 4\Weeds\IMG_20241124_095403.jpg,Weeds,Week 4
Research Data Set each week\Week 4\Weeds\IMG_20241124_095405.jpg,Weeds,Week 4
Research Data Set each week\Week 4\Weeds\IMG_20241124_095409.jpg,Weeds,Week 4
Research Data Set each week\Week 4\Weeds\IMG_20241124_095410.jpg,Weeds,Week 4
Research Data Set each week\Week 4\Weeds\IMG_20241124_095415.jpg,Weeds,Week 4
Research Data Set each week\Week 4\Weeds\IMG_20241124_095558.jpg,Weeds,Week 4
Research Data Set each week\Week 4\Weeds\IMG_20241124_095600.jpg,Weeds,Week 4
Research Data Set each week\Week 4\Weeds\IMG_20241124_095603.jpg,Weeds,Week 4
Research Data Set each week\Week 4\Weeds\IMG_20241124_095605.jpg,Weeds,Week 4
Research Data Set each week\Week 4\Weeds\IMG_20241124_095608.jpg,Weeds,Week 4
Research Data Set each week\Week 4\Weeds\IMG_20241124_095614.jpg,Weeds,Week 4
Research Data Set each week\Week 4\Weeds\IMG_20241124_095616.jpg,Weeds,Week 4
Research Data Set each week\Week 4\Weeds\IMG_20241124_095619.jpg,Weeds,Week 4
Research Data Set each week\Week 4\Weeds\IMG_20241124_095623.jpg,Weeds,Week 4
Research Data Set each week\Week 4\Weeds\IMG_20241124_095627.jpg,Weeds,Week 4
Research Data Set each week\Week 4\Weeds\IMG_20241124_101129.jpg,Weeds,Week 4
Research Data Set each week\Week 4\Weeds\IMG_20241124_101132.jpg,Weeds,Week 4
Research Data Set each week\Week 4\Weeds\IMG_20241124_101140.jpg,Weeds,Week 4
Research Data Set each week\Week 4\Weeds\IMG_20241124_101142.jpg,Weeds,Week 4
Research Data Set each week\Week 4\Weeds\IMG_20241124_101145.jpg,Weeds,Week 4
Research Data Set each week\Week 4\Weeds\IMG_20241124_101147.jpg,Weeds,Week 4
Research Data Set each week\Week 4\Weeds\IMG_20241124_101150.jpg,Weeds,Week 4
Research Data Set each week\Week 4\Weeds\IMG_20241124_101152.jpg,Weeds,Week 4
Research Data Set each week\Week 4\Weeds\IMG_20241124_101204.jpg,Weeds,Week 4
Research Data Set each week\Week 4\Weeds\IMG_20241124_101207.jpg,Weeds,Week 4
Research Data Set each week\Week 4\Weeds\IMG_20241124_101209.jpg,Weeds,Week 4
Research Data Set each week\Week 4\Weeds\IMG_20241124_101318.jpg,Weeds,Week 4
Research Data Set each week\Week 4\Weeds\IMG_20241124_101321.jpg,Weeds,Week 4
Research Data Set each week\Week 4\Weeds\IMG_20241124_101323.jpg,Weeds,Week 4
Research Data Set each week\Week 4\Weeds\IMG_20241124_101325.jpg,Weeds,Week 4
Research Data Set each week\Week 4\Weeds\IMG_20241124_101328.jpg,Weeds,Week 4
Research Data Set each week\Week 4\Weeds\IMG_20241124_101332.jpg,Weeds,Week 4
Research Data Set each week\Week 4\Weeds\IMG_20241124_101337.jpg,Weeds,Week 4
Research Data Set each week\Week 4\Weeds\IMG_20241124_101338.jpg,Weeds,Week 4
Research Data Set each week\Week 4\Weeds\IMG_20241124_101341.jpg,Weeds,Week 4
Research Data Set each week\Week 4\Weeds\IMG_20241124_101345.jpg,Weeds,Week 4
Research Data Set each week\Week 4\Weeds\IMG_20241124_101346.jpg,Weeds,Week 4
Research Data Set each week\Week 4\Weeds\IMG_20241124_101348.jpg,Weeds,Week 4
Research Data Set each week\Week 4\Weeds\IMG_20241124_101356.jpg,Weeds,Week 4
Research Data Set each week\Week 4\Weeds\IMG_20241124_101400.jpg,Weeds,Week 4
Research Data Set each week\Week 4\Weeds\IMG_20241124_101409.jpg,Weeds,Week 4
Research Data Set each week\Week 4\Weeds\IMG_20241124_101420.jpg,Weeds,Week 4
Research Data Set each week\Week 4\Weeds\IMG_20241124_101422.jpg,Weeds,Week 4
Research Data Set each week\Week 4\Weeds\IMG_20241124_101424.jpg,Weeds,Week 4
Research Data Set each week\Week 4\Weeds\IMG_20241124_101534.jpg,Weeds,Week 4
Research Data Set each week\Week 4\Weeds\IMG_20241124_101536.jpg,Weeds,Week 4
Research Data Set each week\Week 4\Weeds\IMG_20241124_101542.jpg,Weeds,Week 4
Research Data Set each week\Week 4\Weeds\IMG_20241124_101552.jpg,Weeds,Week 4
Research Data Set each week\Week 4\Weeds\IMG_20241124_101555.jpg,Weeds,Week 4
Research Data Set each week\Week 4\Weeds\IMG_20241124_101557.jpg,Weeds,Week 4
Research Data Set each week\Week 4\Weeds\IMG_20241124_101600.jpg,Weeds,Week 4
Research Data Set each week\Week 4\Weeds\IMG_20241124_101646.jpg,Weeds,Week 4
Research Data Set each week\Week 4\Weeds\IMG_20241124_101648.jpg,Weeds,Week 4
Research Data Set each week\Week 4\Weeds\IMG_20241124_101651.jpg,Weeds,Week 4
Research Data Set each week\Week 4\Weeds\IMG_20241124_101746.jpg,Weeds,Week 4
Research Data Set each week\Week 4\Weeds\IMG_20241124_101748.jpg,Weeds,Week 4
Research Data Set each week\Week 4\Weeds\IMG_20241124_101751.jpg,Weeds,Week 4
Research Data Set each week\Week 4\Weeds\IMG_20241124_101753.jpg,Weeds,Week 4
Research Data Set each week\Week 4\Weeds\IMG_20241124_101756.jpg,Weeds,Week 4
Research Data Set each week\Week 4\Weeds\IMG_20241124_101759.jpg,Weeds,Week 4
Research Data Set each week\Week 4\Weeds\IMG_20241124_101804.jpg,Weeds,Week 4
Research Data Set each week\Week 4\Weeds\IMG_20241124_101806.jpg,Weeds,Week 4
Research Data Set each week\Week 4\Weeds\IMG_20241124_101852.jpg,Weeds,Week 4
Research Data Set each week\Week 4\Weeds\IMG_20241124_101854.jpg,Weeds,Week 4
Research Data Set each week\Week 4\Weeds\IMG_20241124_101856.jpg,Weeds,Week 4
Research Data Set each week\Week 4\Weeds\IMG_20241124_101858.jpg,Weeds,Week 4
Research Data Set each week\Week 4\Weeds\IMG_20241124_101900.jpg,Weeds,Week 4
Research Data Set each week\Week 4\Weeds\IMG_20241124_101903.jpg,Weeds,Week 4
Research Data Set each week\Week 4\Weeds\IMG_20241124_101905.jpg,Weeds,Week 4
Research Data Set each week\Week 4\Weeds\IMG_20241124_101907.jpg,Weeds,Week 4
Research Data Set each week\Week 4\Weeds\IMG_20241124_101909.jpg,Weeds,Week 4
Research Data Set each week\Week 4\Weeds\IMG_20241124_101910.jpg,Weeds,Week 4
Research Data Set each week\Week 4\Weeds\IMG_20241124_101912.jpg,Weeds,Week 4
Research Data Set each week\Week 4\Weeds\IMG_20241124_101913.jpg,Weeds,Week 4
Research Data Set each week\Week 4\Weeds\IMG_20241124_101948.jpg,Weeds,Week 4
Research Data Set each week\Week 4\Weeds\IMG_20241124_101950.jpg,Weeds,Week 4
Research Data Set each week\Week 4\Weeds\IMG_20241124_101952.jpg,Weeds,Week 4
Research Data Set each week\Week 4\Weeds\IMG_20241124_101954.jpg,Weeds,Week 4
Research Data Set each week\Week 4\Weeds\IMG_20241124_101955.jpg,Weeds,Week 4
Research Data Set each week\Week 4\Weeds\IMG_20241124_101958.jpg,Weeds,Week 4
Research Data Set each week\Week 4\Weeds\IMG_20241124_102001.jpg,Weeds,Week 4
Research Data Set each week\Week 4\Weeds\IMG_20241124_102003.jpg,Weeds,Week 4
Research Data Set each week\Week 4\Weeds\IMG_20241124_102105.jpg,Weeds,Week 4
Research Data Set each week\Week 4\Weeds\IMG_20241124_102107.jpg,Weeds,Week 4
Research Data Set each week\Week 4\Weeds\IMG_20241124_102110.jpg,Weeds,Week 4
Research Data Set each week\Week 4\Weeds\IMG_20241124_102112.jpg,Weeds,Week 4
Research Data Set each week\Week 4\Weeds\IMG_20241124_102114.jpg,Weeds,Week 4
Research Data Set each week\Week 4\Weeds\IMG_20241124_102119.jpg,Weeds,Week 4
Research Data Set each week\Week 4\Weeds\IMG_20241124_102121.jpg,Weeds,Week 4
Research Data Set each week\Week 4\Weeds\IMG_20241124_102127.jpg,Weeds,Week 4
Research Data Set each week\Week 4\Weeds\IMG_20241124_102326.jpg,Weeds,Week 4
Research Data Set each week\Week 4\Weeds\IMG_20241124_102327.jpg,Weeds,Week 4
Research Data Set each week\Week 4\Weeds\IMG_20241124_102330.jpg,Weeds,Week 4
Research Data Set each week\Week 4\Weeds\IMG_20241124_102334.jpg,Weeds,Week 4
Research Data Set each week\Week 4\Weeds\IMG_20241124_102336.jpg,Weeds,Week 4
Research Data Set each week\Week 4\Weeds\IMG_20241124_102338.jpg,Weeds,Week 4
Research Data Set each week\Week 4\Weeds\IMG_20241124_102347.jpg,Weeds,Week 4
Research Data Set each week\Week 4\Weeds\IMG_20241124_102357.jpg,Weeds,Week 4
Research Data Set each week\Week 4\Weeds\IMG_20241124_102359.jpg,Weeds,Week 4
Research Data Set each week\Week 4\Weeds\IMG_20241124_102502.jpg,Weeds,Week 4
Research Data Set each week\Week 4\Weeds\IMG_20241124_102504.jpg,Weeds,Week 4
Research Data Set each week\Week 4\Weeds\IMG_20241124_102506.jpg,Weeds,Week 4
Research Data Set each week\Week 4\Weeds\IMG_20241124_102508.jpg,Weeds,Week 4
Research Data Set each week\Week 4\Weeds\IMG_20241124_102543.jpg,Weeds,Week 4
Research Data Set each week\Week 4\Weeds\IMG_20241124_102549.jpg,Weeds,Week 4
Research Data Set each week\Week 4\Weeds\IMG_20241124_102552.jpg,Weeds,Week 4
Research Data Set each week\Week 4\Weeds\IMG_20241124_102556.jpg,Weeds,Week 4
Research Data Set each week\Week 4\Weeds\IMG_20241124_102557.jpg,Weeds,Week 4
Research Data Set each week\Week 4\Weeds\IMG_20241124_102606.jpg,Weeds,Week 4
Research Data Set each week\Week 4\Weeds\IMG_20241124_102716.jpg,Weeds,Week 4
Research Data Set each week\Week 4\Weeds\IMG_20241124_102719.jpg,Weeds,Week 4
Research Data Set each week\Week 4\Weeds\IMG_20241124_102722.jpg,Weeds,Week 4
Research Data Set each week\Week 4\Weeds\IMG_20241124_102732.jpg,Weeds,Week 4
Research Data Set each week\Week 4\Weeds\IMG_20241124_102733.jpg,Weeds,Week 4
Research Data Set each week\Week 4\Weeds\IMG_20241124_102735.jpg,Weeds,Week 4
Research Data Set each week\Week 4\Weeds\IMG_20241124_102737.jpg,Weeds,Week 4
Research Data Set each week\Week 4\Weeds\IMG_20241124_102739.jpg,Weeds,Week 4
Research Data Set each week\Week 4\Weeds\IMG_20241124_102741.jpg,Weeds,Week 4
Research Data Set each week\Week 4\Weeds\IMG_20241124_102802.jpg,Weeds,Week 4
Research Data Set each week\Week 4\Weeds\IMG_20241124_102804.jpg,Weeds,Week 4
Research Data Set each week\Week 4\Weeds\IMG_20241124_102806.jpg,Weeds,Week 4
Research Data Set each week\Week 4\Weeds\IMG_20241124_102807.jpg,Weeds,Week 4
Research Data Set each week\Week 4\Weeds\IMG_20241124_102810.jpg,Weeds,Week 4
Research Data Set each week\Week 4\Weeds\IMG_20241124_102816.jpg,Weeds,Week 4
Research Data Set each week\Week 4\Weeds\IMG_20241124_102818.jpg,Weeds,Week 4
